Clothing_Barcode,Employee_ID,Time_Accepted,Buying_Price
1,RED-FAS-007,12/2/2018,5
2,RED-FAS-007,12/2/2018,12
3,GRE-FAS-008,12/2/2018,6
4,GRE-FAS-008,12/3/2018,10
5,RED-FAS-007,12/3/2018,12
6,GRE-FAS-008,12/4/2018,6
7,RED-FAS-007,12/4/2018,7
8,GRE-FAS-008,12/4/2018,9
9,MIT-SAL-003,12/4/2018,10
10,MIT-SAL-003,12/4/2018,7
11,UND-SAL-004,12/4/2018,12
12,RED-FAS-007,12/5/2018,17
13,RED-FAS-007,12/5/2018,8
14,CAH-OWN-001,12/5/2018,5
15,GRE-FAS-008,12/5/2018,12
16,GRE-FAS-008,12/6/2018,5
17,RED-FAS-007,12/6/2018,5
18,RED-FAS-007,12/6/2018,25
19,RED-FAS-007,12/6/2018,5
20,CAH-OWN-001,12/6/2018,21
21,MIT-SAL-003,12/7/2018,15
22,RED-FAS-007,12/7/2018,5
23,RED-FAS-007,12/7/2018,6
24,MIT-SAL-003,12/7/2018,9
25,GRE-FAS-008,12/7/2018,12
26,GRE-FAS-008,12/8/2018,5
27,GRE-FAS-008,12/8/2018,10
28,RED-FAS-007,12/8/2018,12
29,GRE-FAS-008,12/8/2018,17
30,RED-FAS-007,12/8/2018,12
31,RED-FAS-007,12/10/2018,5
32,RED-FAS-007,12/10/2018,12
33,GRE-FAS-008,12/10/2018,6
34,GRE-FAS-008,12/10/2018,10
35,RED-FAS-007,12/10/2018,12
36,GRE-FAS-008,12/11/2018,6
37,RED-FAS-007,12/11/2018,7
38,GRE-FAS-008,12/11/2018,9
39,MIT-SAL-003,12/11/2018,10
40,MIT-SAL-003,12/11/2018,7
41,UND-SAL-004,12/12/2018,12
42,RED-FAS-007,12/12/2018,17
43,RED-FAS-007,12/12/2018,8
44,CAH-OWN-001,12/12/2018,5
45,GRE-FAS-008,12/12/2018,12
46,GRE-FAS-008,12/12/2018,5
47,RED-FAS-007,12/12/2018,5
48,RED-FAS-007,12/13/2018,25
49,RED-FAS-007,12/13/2018,5
50,CAH-OWN-001,12/14/2018,21
51,MIT-SAL-003,12/14/2018,15
52,RED-FAS-007,12/15/2018,5
53,RED-FAS-007,12/15/2018,6
54,MIT-SAL-003,12/16/2018,9
55,GRE-FAS-008,12/16/2018,12
56,GRE-FAS-008,12/17/2018,5
57,GRE-FAS-008,12/18/2018,10
58,RED-FAS-007,12/18/2018,12
59,GRE-FAS-008,12/18/2018,17
60,RED-FAS-007,12/19/2018,12
61,RED-FAS-007,12/19/2018,5
62,RED-FAS-007,12/19/2018,12
63,GRE-FAS-008,12/20/2018,6
64,GRE-FAS-008,12/20/2018,10
65,RED-FAS-007,12/20/2018,12
66,GRE-FAS-008,12/21/2018,6
67,RED-FAS-007,12/21/2018,7
68,GRE-FAS-008,12/21/2018,9
69,MIT-SAL-003,12/23/2018,10
70,MIT-SAL-003,12/23/2018,7
71,UND-SAL-004,12/23/2018,12
72,RED-FAS-007,12/23/2018,17
73,RED-FAS-007,12/24/2018,8
74,CAH-OWN-001,12/24/2018,5
75,GRE-FAS-008,12/24/2018,12
76,GRE-FAS-008,12/24/2018,5
77,RED-FAS-007,12/25/2018,5
78,RED-FAS-007,12/25/2018,25
79,RED-FAS-007,12/25/2018,5
80,CAH-OWN-001,12/25/2018,21
81,MIT-SAL-003,12/25/2018,15
82,RED-FAS-007,12/26/2018,5
83,RED-FAS-007,12/26/2018,6
84,MIT-SAL-003,12/26/2018,9
85,GRE-FAS-008,12/26/2018,12
86,GRE-FAS-008,12/26/2018,5
87,GRE-FAS-008,12/27/2018,10
88,RED-FAS-007,12/27/2018,12
89,GRE-FAS-008,12/27/2018,17
90,RED-FAS-007,12/27/2018,12
91,RED-FAS-007,12/27/2018,5
92,RED-FAS-007,12/27/2018,12
93,GRE-FAS-008,12/28/2018,6
94,GRE-FAS-008,12/28/2018,10
95,RED-FAS-007,12/28/2018,12
96,GRE-FAS-008,12/28/2018,6
97,RED-FAS-007,12/28/2018,7
98,GRE-FAS-008,12/29/2018,9
99,MIT-SAL-003,12/30/2018,10
100,MIT-SAL-003,12/30/2018,7
101,UND-SAL-004,12/30/2018,12
102,RED-FAS-007,12/30/2018,17
103,RED-FAS-007,12/31/2018,8
104,CAH-OWN-001,12/31/2018,5
105,GRE-FAS-008,12/31/2018,12
106,GRE-FAS-008,12/31/2018,5
107,RED-FAS-007,1/1/2019,5
108,RED-FAS-007,1/1/2019,25
109,RED-FAS-007,1/2/2019,5
110,CAH-OWN-001,1/2/2019,21
111,MIT-SAL-003,1/2/2019,15
112,RED-FAS-007,1/3/2019,5
113,RED-FAS-007,1/4/2019,6
114,MIT-SAL-003,1/5/2019,9
115,GRE-FAS-008,1/6/2019,12
116,GRE-FAS-008,1/6/2019,5
117,GRE-FAS-008,1/6/2019,10
118,RED-FAS-007,1/6/2019,12
119,GRE-FAS-008,1/6/2019,17
120,RED-FAS-007,1/6/2019,12
121,RED-FAS-007,1/7/2019,7
122,RED-FAS-007,1/7/2019,8
123,GRE-FAS-008,1/7/2019,7
124,GRE-FAS-008,1/8/2019,5
125,RED-FAS-007,1/8/2019,12
126,GRE-FAS-008,1/8/2019,6
127,RED-FAS-007,1/9/2019,8
128,GRE-FAS-008,1/9/2019,5
129,MIT-SAL-003,1/10/2019,13
130,MIT-SAL-003,1/10/2019,10
131,UND-SAL-004,1/10/2019,11
132,RED-FAS-007,1/10/2019,10
133,RED-FAS-007,1/10/2019,7
134,CAH-OWN-001,1/11/2019,10
135,GRE-FAS-008,1/11/2019,8
136,GRE-FAS-008,1/12/2019,13
137,RED-FAS-007,1/12/2019,8
138,RED-FAS-007,1/12/2019,13
139,RED-FAS-007,1/12/2019,7
140,CAH-OWN-001,1/12/2019,8
141,MIT-SAL-003,1/13/2019,10
142,RED-FAS-007,1/13/2019,10
143,RED-FAS-007,1/13/2019,13
144,MIT-SAL-003,1/13/2019,13
145,GRE-FAS-008,1/14/2019,13
146,GRE-FAS-008,1/14/2019,7
147,GRE-FAS-008,1/14/2019,8
148,RED-FAS-007,1/14/2019,9
149,GRE-FAS-008,1/14/2019,15
150,RED-FAS-007,1/14/2019,5
151,RED-FAS-007,1/15/2019,12
152,RED-FAS-007,1/15/2019,14
153,GRE-FAS-008,1/15/2019,14
154,GRE-FAS-008,1/15/2019,10
155,RED-FAS-007,1/15/2019,6
156,GRE-FAS-008,1/16/2019,8
157,RED-FAS-007,1/16/2019,15
158,GRE-FAS-008,1/16/2019,15
159,MIT-SAL-003,1/17/2019,5
160,MIT-SAL-003,1/17/2019,11
161,UND-SAL-004,1/17/2019,13
162,RED-FAS-007,1/18/2019,7
163,RED-FAS-007,1/18/2019,10
164,CAH-OWN-001,1/18/2019,11
165,GRE-FAS-008,1/19/2019,15
166,GRE-FAS-008,1/20/2019,7
167,RED-FAS-007,1/20/2019,8
168,RED-FAS-007,1/20/2019,5
169,RED-FAS-007,1/20/2019,8
170,CAH-OWN-001,1/20/2019,6
171,MIT-SAL-003,1/21/2019,11
172,RED-FAS-007,1/21/2019,14
173,RED-FAS-007,1/21/2019,12
174,MIT-SAL-003,1/21/2019,13
175,GRE-FAS-008,1/22/2019,12
176,GRE-FAS-008,1/22/2019,5
177,GRE-FAS-008,1/22/2019,10
178,RED-FAS-007,1/23/2019,14
179,GRE-FAS-008,1/23/2019,15
180,RED-FAS-007,1/23/2019,9
181,RED-FAS-007,1/23/2019,6
182,RED-FAS-007,1/23/2019,10
183,GRE-FAS-008,1/24/2019,10
184,GRE-FAS-008,1/24/2019,6
185,RED-FAS-007,1/24/2019,6
186,GRE-FAS-008,1/24/2019,15
187,RED-FAS-007,1/24/2019,5
188,GRE-FAS-008,1/25/2019,15
189,MIT-SAL-003,1/25/2019,15
190,MIT-SAL-003,1/25/2019,13
191,UND-SAL-004,1/25/2019,6
192,RED-FAS-007,1/25/2019,5
193,RED-FAS-007,1/26/2019,13
194,CAH-OWN-001,1/26/2019,10
195,GRE-FAS-008,1/26/2019,10
196,GRE-FAS-008,1/26/2019,7
197,RED-FAS-007,1/27/2019,12
198,RED-FAS-007,1/27/2019,12
199,RED-FAS-007,1/27/2019,7
200,CAH-OWN-001,1/28/2019,12
201,MIT-SAL-003,1/28/2019,15
202,RED-FAS-007,1/28/2019,11
203,RED-FAS-007,1/29/2019,5
204,MIT-SAL-003,1/29/2019,13
205,GRE-FAS-008,1/31/2019,8
206,GRE-FAS-008,2/1/2019,15
207,GRE-FAS-008,2/1/2019,7
208,RED-FAS-007,2/1/2019,12
209,GRE-FAS-008,2/1/2019,8
210,RED-FAS-007,2/2/2019,10
211,RED-FAS-007,2/2/2019,5
212,RED-FAS-007,2/2/2019,7
213,GRE-FAS-008,2/2/2019,5
214,GRE-FAS-008,2/2/2019,13
215,RED-FAS-007,2/2/2019,15
216,GRE-FAS-008,2/3/2019,8
217,RED-FAS-007,2/3/2019,10
218,GRE-FAS-008,2/3/2019,7
219,MIT-SAL-003,2/3/2019,9
220,MIT-SAL-003,2/4/2019,6
221,UND-SAL-004,2/4/2019,13
222,RED-FAS-007,2/5/2019,12
223,RED-FAS-007,2/5/2019,11
224,CAH-OWN-001,2/5/2019,7
225,GRE-FAS-008,2/6/2019,15
226,GRE-FAS-008,2/7/2019,10
227,RED-FAS-007,2/7/2019,12
228,RED-FAS-007,2/7/2019,10
229,RED-FAS-007,2/7/2019,7
230,CAH-OWN-001,2/8/2019,11
231,MIT-SAL-003,2/8/2019,14
232,RED-FAS-007,2/9/2019,6
233,RED-FAS-007,2/9/2019,8
234,MIT-SAL-003,2/9/2019,12
235,GRE-FAS-008,2/9/2019,11
236,GRE-FAS-008,2/11/2019,9
237,GRE-FAS-008,2/12/2019,11
238,RED-FAS-007,2/12/2019,11
239,GRE-FAS-008,2/12/2019,15
240,RED-FAS-007,2/13/2019,9
241,RED-FAS-007,2/13/2019,12
242,RED-FAS-007,2/14/2019,14
243,GRE-FAS-008,2/14/2019,12
244,GRE-FAS-008,2/14/2019,7
245,RED-FAS-007,2/14/2019,10
246,GRE-FAS-008,2/14/2019,7
247,RED-FAS-007,2/15/2019,7
248,GRE-FAS-008,2/15/2019,7
249,MIT-SAL-003,2/15/2019,12
250,MIT-SAL-003,2/15/2019,10
251,UND-SAL-004,2/16/2019,7
252,RED-FAS-007,2/16/2019,15
253,RED-FAS-007,2/16/2019,6
254,CAH-OWN-001,2/17/2019,8
255,GRE-FAS-008,2/17/2019,15
256,GRE-FAS-008,2/17/2019,11
257,RED-FAS-007,2/17/2019,6
258,RED-FAS-007,2/17/2019,7
259,RED-FAS-007,2/17/2019,9
260,CAH-OWN-001,2/18/2019,10
261,MIT-SAL-003,2/18/2019,9
262,RED-FAS-007,2/19/2019,10
263,RED-FAS-007,2/19/2019,9
264,MIT-SAL-003,2/19/2019,5
265,GRE-FAS-008,2/20/2019,15
266,GRE-FAS-008,2/20/2019,13
267,GRE-FAS-008,2/20/2019,6
268,RED-FAS-007,2/20/2019,7
269,GRE-FAS-008,2/21/2019,7
270,RED-FAS-007,2/21/2019,5
271,RED-FAS-007,2/21/2019,8
272,RED-FAS-007,2/21/2019,8
273,GRE-FAS-008,2/21/2019,9
274,GRE-FAS-008,2/21/2019,10
275,RED-FAS-007,2/21/2019,9
276,GRE-FAS-008,2/22/2019,11
277,RED-FAS-007,2/22/2019,6
278,GRE-FAS-008,2/22/2019,9
279,MIT-SAL-003,2/22/2019,7
280,MIT-SAL-003,2/23/2019,12
281,UND-SAL-004,2/23/2019,13
282,RED-FAS-007,2/23/2019,15
283,RED-FAS-007,2/24/2019,9
284,CAH-OWN-001,2/24/2019,14
285,GRE-FAS-008,2/24/2019,11
286,GRE-FAS-008,2/24/2019,5
287,RED-FAS-007,2/24/2019,8
288,RED-FAS-007,2/25/2019,9
289,RED-FAS-007,2/25/2019,9
290,CAH-OWN-001,2/25/2019,9
291,MIT-SAL-003,2/26/2019,11
292,RED-FAS-007,2/27/2019,5
293,RED-FAS-007,2/27/2019,8
294,MIT-SAL-003,2/27/2019,8
295,GRE-FAS-008,2/27/2019,14
296,GRE-FAS-008,2/28/2019,15
297,GRE-FAS-008,2/28/2019,13
298,RED-FAS-007,3/1/2019,5
299,GRE-FAS-008,3/1/2019,14
300,RED-FAS-007,3/1/2019,13
301,RED-FAS-007,3/2/2019,6
302,RED-FAS-007,3/2/2019,8
303,GRE-FAS-008,3/3/2019,5
304,GRE-FAS-008,3/3/2019,5
305,RED-FAS-007,3/3/2019,10
306,GRE-FAS-008,3/4/2019,8
307,RED-FAS-007,3/4/2019,10
308,GRE-FAS-008,3/4/2019,14
309,MIT-SAL-003,3/5/2019,8
310,MIT-SAL-003,3/5/2019,15
311,UND-SAL-004,3/5/2019,8
312,RED-FAS-007,3/5/2019,11
313,RED-FAS-007,3/6/2019,15
314,CAH-OWN-001,3/6/2019,11
315,GRE-FAS-008,3/6/2019,9
316,GRE-FAS-008,3/6/2019,8
317,RED-FAS-007,3/6/2019,7
318,RED-FAS-007,3/6/2019,12
319,RED-FAS-007,3/7/2019,8
320,CAH-OWN-001,3/7/2019,9
321,MIT-SAL-003,3/7/2019,13
322,RED-FAS-007,3/8/2019,12
323,RED-FAS-007,3/8/2019,11
324,MIT-SAL-003,3/8/2019,10
325,GRE-FAS-008,3/8/2019,12
326,GRE-FAS-008,3/8/2019,11
327,GRE-FAS-008,3/9/2019,6
328,RED-FAS-007,3/9/2019,6
329,GRE-FAS-008,3/9/2019,12
330,RED-FAS-007,3/10/2019,9
331,RED-FAS-007,3/10/2019,6
332,RED-FAS-007,3/10/2019,13
333,GRE-FAS-008,3/10/2019,10
334,GRE-FAS-008,3/10/2019,5
335,RED-FAS-007,3/10/2019,13
336,GRE-FAS-008,3/11/2019,10
337,RED-FAS-007,3/11/2019,10
338,GRE-FAS-008,3/11/2019,11
339,MIT-SAL-003,3/11/2019,11
340,MIT-SAL-003,3/11/2019,8
341,UND-SAL-004,3/12/2019,11
342,RED-FAS-007,3/12/2019,13
343,RED-FAS-007,3/12/2019,14
344,CAH-OWN-001,3/13/2019,13
345,GRE-FAS-008,3/14/2019,9
346,GRE-FAS-008,3/14/2019,10
347,RED-FAS-007,3/15/2019,13
348,RED-FAS-007,3/15/2019,7
349,RED-FAS-007,3/15/2019,11
350,CAH-OWN-001,3/16/2019,12
351,MIT-SAL-003,3/16/2019,11
352,RED-FAS-007,3/17/2019,5
353,RED-FAS-007,3/17/2019,6
354,MIT-SAL-003,3/17/2019,14
355,GRE-FAS-008,3/18/2019,10
356,GRE-FAS-008,3/18/2019,11
357,GRE-FAS-008,3/19/2019,8
358,RED-FAS-007,3/19/2019,5
359,GRE-FAS-008,3/19/2019,11
360,RED-FAS-007,3/20/2019,9
361,RED-FAS-007,3/22/2019,10
362,RED-FAS-007,3/22/2019,8
363,GRE-FAS-008,3/22/2019,13
364,GRE-FAS-008,3/22/2019,12
365,RED-FAS-007,3/22/2019,10
366,GRE-FAS-008,3/23/2019,10
367,RED-FAS-007,3/23/2019,13
368,GRE-FAS-008,3/23/2019,12
369,MIT-SAL-003,3/23/2019,15
370,MIT-SAL-003,3/23/2019,6
371,UND-SAL-004,3/24/2019,8
372,RED-FAS-007,3/24/2019,7
373,RED-FAS-007,3/24/2019,15
374,CAH-OWN-001,3/24/2019,14
375,GRE-FAS-008,3/24/2019,15
376,GRE-FAS-008,3/24/2019,11
377,RED-FAS-007,3/24/2019,8
378,RED-FAS-007,3/25/2019,15
379,RED-FAS-007,3/25/2019,6
380,CAH-OWN-001,3/26/2019,8
381,MIT-SAL-003,3/26/2019,12
382,RED-FAS-007,3/26/2019,9
383,RED-FAS-007,3/26/2019,10
384,MIT-SAL-003,3/26/2019,12
385,GRE-FAS-008,3/26/2019,15
386,GRE-FAS-008,3/27/2019,15
387,GRE-FAS-008,3/27/2019,9
388,RED-FAS-007,3/27/2019,14
389,GRE-FAS-008,3/27/2019,11
390,RED-FAS-007,3/27/2019,10
391,RED-FAS-007,3/28/2019,14
392,RED-FAS-007,3/28/2019,13
393,GRE-FAS-008,3/28/2019,12
394,GRE-FAS-008,3/28/2019,6
395,RED-FAS-007,3/28/2019,14
396,GRE-FAS-008,3/29/2019,6
397,RED-FAS-007,3/30/2019,7
398,GRE-FAS-008,3/30/2019,12
399,MIT-SAL-003,3/30/2019,7
400,MIT-SAL-003,3/31/2019,13
401,UND-SAL-004,3/31/2019,14
402,RED-FAS-007,3/31/2019,10
403,RED-FAS-007,3/31/2019,12
404,CAH-OWN-001,4/1/2019,8
405,GRE-FAS-008,4/1/2019,12
406,GRE-FAS-008,4/1/2019,7
407,RED-FAS-007,4/1/2019,12
408,RED-FAS-007,4/1/2019,13
409,RED-FAS-007,4/1/2019,11
410,CAH-OWN-001,4/2/2019,8
411,MIT-SAL-003,4/2/2019,12
412,RED-FAS-007,4/2/2019,8
413,RED-FAS-007,4/3/2019,6
414,MIT-SAL-003,4/3/2019,12
415,GRE-FAS-008,4/3/2019,6
416,GRE-FAS-008,4/3/2019,13
417,GRE-FAS-008,4/3/2019,9
418,RED-FAS-007,4/4/2019,8
419,GRE-FAS-008,4/5/2019,15
420,RED-FAS-007,4/6/2019,15
421,RED-FAS-007,4/6/2019,7
422,RED-FAS-007,4/6/2019,10
423,GRE-FAS-008,4/6/2019,12
424,GRE-FAS-008,4/7/2019,10
425,RED-FAS-007,4/8/2019,13
426,GRE-FAS-008,4/8/2019,11
427,RED-FAS-007,4/8/2019,8
428,GRE-FAS-008,4/8/2019,12
429,MIT-SAL-003,4/9/2019,8
430,MIT-SAL-003,4/10/2019,6
431,UND-SAL-004,4/10/2019,5
432,RED-FAS-007,4/11/2019,15
433,RED-FAS-007,4/11/2019,15
434,CAH-OWN-001,4/11/2019,10
435,GRE-FAS-008,4/11/2019,10
436,GRE-FAS-008,4/12/2019,12
437,RED-FAS-007,4/12/2019,13
438,RED-FAS-007,4/12/2019,9
439,RED-FAS-007,4/12/2019,11
440,CAH-OWN-001,4/13/2019,6
441,MIT-SAL-003,4/13/2019,15
442,RED-FAS-007,4/13/2019,13
443,RED-FAS-007,4/14/2019,10
444,MIT-SAL-003,4/14/2019,5
445,GRE-FAS-008,4/15/2019,8
446,GRE-FAS-008,4/15/2019,5
447,GRE-FAS-008,4/15/2019,10
448,RED-FAS-007,4/16/2019,9
449,GRE-FAS-008,4/16/2019,13
450,RED-FAS-007,4/16/2019,8
451,RED-FAS-007,4/17/2019,9
452,RED-FAS-007,4/17/2019,11
453,GRE-FAS-008,4/18/2019,6
454,GRE-FAS-008,4/18/2019,7
455,RED-FAS-007,4/18/2019,13
456,GRE-FAS-008,4/19/2019,9
457,RED-FAS-007,4/19/2019,5
458,GRE-FAS-008,4/20/2019,9
459,MIT-SAL-003,4/20/2019,9
460,MIT-SAL-003,4/21/2019,9
461,UND-SAL-004,4/21/2019,15
462,RED-FAS-007,4/22/2019,15
463,RED-FAS-007,4/22/2019,13
464,CAH-OWN-001,4/22/2019,5
465,GRE-FAS-008,4/22/2019,12
466,GRE-FAS-008,4/23/2019,12
467,RED-FAS-007,4/23/2019,9
468,RED-FAS-007,4/23/2019,15
469,RED-FAS-007,4/24/2019,7
470,CAH-OWN-001,4/24/2019,8
471,MIT-SAL-003,4/24/2019,11
472,RED-FAS-007,4/25/2019,11
473,RED-FAS-007,4/25/2019,11
474,MIT-SAL-003,4/26/2019,10
475,GRE-FAS-008,4/26/2019,8
476,GRE-FAS-008,4/26/2019,5
477,GRE-FAS-008,4/26/2019,11
478,RED-FAS-007,4/26/2019,7
479,GRE-FAS-008,4/27/2019,11
480,RED-FAS-007,4/27/2019,14
481,RED-FAS-007,4/27/2019,12
482,RED-FAS-007,4/27/2019,10
483,GRE-FAS-008,4/28/2019,15
484,GRE-FAS-008,4/28/2019,8
485,RED-FAS-007,4/28/2019,13
486,GRE-FAS-008,4/29/2019,11
487,RED-FAS-007,4/29/2019,11
488,GRE-FAS-008,4/29/2019,11
489,MIT-SAL-003,4/29/2019,11
490,MIT-SAL-003,4/29/2019,15
491,UND-SAL-004,4/29/2019,8
492,RED-FAS-007,4/29/2019,9
493,RED-FAS-007,4/30/2019,10
494,CAH-OWN-001,5/1/2019,15
495,GRE-FAS-008,5/1/2019,12
496,GRE-FAS-008,5/1/2019,12
497,RED-FAS-007,5/1/2019,10
498,RED-FAS-007,5/1/2019,15
499,RED-FAS-007,5/1/2019,7
500,CAH-OWN-001,5/1/2019,12
501,MIT-SAL-003,5/1/2019,13
502,RED-FAS-007,5/2/2019,9
503,RED-FAS-007,5/2/2019,11
504,MIT-SAL-003,5/2/2019,9
505,GRE-FAS-008,5/2/2019,5
506,GRE-FAS-008,5/2/2019,13
507,GRE-FAS-008,5/2/2019,15
508,RED-FAS-007,5/2/2019,7
509,GRE-FAS-008,5/3/2019,15
510,RED-FAS-007,5/3/2019,12
511,RED-FAS-007,5/3/2019,10
512,RED-FAS-007,5/3/2019,11
513,GRE-FAS-008,5/3/2019,11
514,GRE-FAS-008,5/3/2019,10
515,RED-FAS-007,5/4/2019,9
516,GRE-FAS-008,5/4/2019,6
517,RED-FAS-007,5/5/2019,12
518,GRE-FAS-008,5/5/2019,8
519,MIT-SAL-003,5/5/2019,15
520,MIT-SAL-003,5/5/2019,12
521,UND-SAL-004,5/5/2019,12
522,RED-FAS-007,5/6/2019,6
523,RED-FAS-007,5/6/2019,11
524,CAH-OWN-001,5/6/2019,9
525,GRE-FAS-008,5/6/2019,5
526,GRE-FAS-008,5/6/2019,13
527,RED-FAS-007,5/7/2019,6
528,RED-FAS-007,5/8/2019,8
529,RED-FAS-007,5/8/2019,13
530,CAH-OWN-001,5/8/2019,13
531,MIT-SAL-003,5/8/2019,11
532,RED-FAS-007,5/9/2019,13
533,RED-FAS-007,5/10/2019,9
534,MIT-SAL-003,5/10/2019,6
535,GRE-FAS-008,5/10/2019,10
536,GRE-FAS-008,5/10/2019,7
537,GRE-FAS-008,5/10/2019,8
538,RED-FAS-007,5/11/2019,9
539,GRE-FAS-008,5/11/2019,5
540,RED-FAS-007,5/11/2019,5
541,RED-FAS-007,5/13/2019,13
542,RED-FAS-007,5/13/2019,5
543,GRE-FAS-008,5/13/2019,12
544,GRE-FAS-008,5/13/2019,5
545,RED-FAS-007,5/14/2019,9
546,GRE-FAS-008,5/15/2019,8
547,RED-FAS-007,5/15/2019,15
548,GRE-FAS-008,5/16/2019,14
549,MIT-SAL-003,5/16/2019,8
550,MIT-SAL-003,5/16/2019,9
551,UND-SAL-004,5/17/2019,9
552,RED-FAS-007,5/17/2019,6
553,RED-FAS-007,5/17/2019,8
554,CAH-OWN-001,5/17/2019,5
555,GRE-FAS-008,5/17/2019,10
556,GRE-FAS-008,5/18/2019,14
557,RED-FAS-007,5/18/2019,13
558,RED-FAS-007,5/19/2019,8
559,RED-FAS-007,5/19/2019,6
560,CAH-OWN-001,5/19/2019,6
561,MIT-SAL-003,5/19/2019,9
562,RED-FAS-007,5/19/2019,13
563,RED-FAS-007,5/19/2019,11
564,MIT-SAL-003,5/19/2019,14
565,GRE-FAS-008,5/20/2019,6
566,GRE-FAS-008,5/20/2019,6
567,GRE-FAS-008,5/20/2019,11
568,RED-FAS-007,5/20/2019,10
569,GRE-FAS-008,5/21/2019,10
570,RED-FAS-007,5/21/2019,8
571,RED-FAS-007,5/22/2019,10
572,RED-FAS-007,5/22/2019,13
573,GRE-FAS-008,5/23/2019,15
574,GRE-FAS-008,5/23/2019,11
575,RED-FAS-007,5/23/2019,12
576,GRE-FAS-008,5/24/2019,14
577,RED-FAS-007,5/24/2019,11
578,GRE-FAS-008,5/24/2019,10
579,MIT-SAL-003,5/24/2019,10
580,MIT-SAL-003,5/24/2019,15
581,UND-SAL-004,5/25/2019,12
582,RED-FAS-007,5/25/2019,10
583,RED-FAS-007,5/25/2019,7
584,CAH-OWN-001,5/25/2019,15
585,GRE-FAS-008,5/25/2019,13
586,GRE-FAS-008,5/26/2019,10
587,RED-FAS-007,5/26/2019,15
588,RED-FAS-007,5/26/2019,7
589,RED-FAS-007,5/27/2019,12
590,CAH-OWN-001,5/27/2019,15
591,MIT-SAL-003,5/28/2019,10
592,RED-FAS-007,5/28/2019,13
593,RED-FAS-007,5/29/2019,7
594,MIT-SAL-003,5/29/2019,7
595,GRE-FAS-008,5/29/2019,6
596,GRE-FAS-008,5/29/2019,9
597,GRE-FAS-008,5/29/2019,15
598,RED-FAS-007,5/30/2019,13
599,GRE-FAS-008,5/30/2019,12
600,RED-FAS-007,5/30/2019,11
601,RED-FAS-007,5/30/2019,10
602,RED-FAS-007,5/31/2019,7
603,GRE-FAS-008,6/1/2019,12
604,GRE-FAS-008,6/1/2019,9
605,RED-FAS-007,6/2/2019,14
606,GRE-FAS-008,6/2/2019,15
607,RED-FAS-007,6/2/2019,8
608,GRE-FAS-008,6/2/2019,10
609,MIT-SAL-003,6/4/2019,8
610,MIT-SAL-003,6/4/2019,15
611,UND-SAL-004,6/4/2019,13
612,RED-FAS-007,6/4/2019,11
613,RED-FAS-007,6/5/2019,15
614,CAH-OWN-001,6/5/2019,5
615,GRE-FAS-008,6/5/2019,7
616,GRE-FAS-008,6/5/2019,13
617,RED-FAS-007,6/6/2019,15
618,RED-FAS-007,6/6/2019,7
619,RED-FAS-007,6/7/2019,11
620,CAH-OWN-001,6/8/2019,15
621,MIT-SAL-003,6/8/2019,12
622,RED-FAS-007,6/8/2019,11
623,RED-FAS-007,6/8/2019,10
624,MIT-SAL-003,6/8/2019,7
625,GRE-FAS-008,6/9/2019,11
626,GRE-FAS-008,6/9/2019,6
627,GRE-FAS-008,6/9/2019,6
628,RED-FAS-007,6/9/2019,10
629,GRE-FAS-008,6/9/2019,5
630,RED-FAS-007,6/10/2019,13
631,RED-FAS-007,6/10/2019,5
632,RED-FAS-007,6/10/2019,8
633,GRE-FAS-008,6/10/2019,11
634,GRE-FAS-008,6/10/2019,8
635,RED-FAS-007,6/11/2019,13
636,GRE-FAS-008,6/11/2019,5
637,RED-FAS-007,6/11/2019,8
638,GRE-FAS-008,6/11/2019,9
639,MIT-SAL-003,6/11/2019,12
640,MIT-SAL-003,6/11/2019,7
641,UND-SAL-004,6/12/2019,14
642,RED-FAS-007,6/12/2019,15
643,RED-FAS-007,6/13/2019,7
644,CAH-OWN-001,6/13/2019,9
645,GRE-FAS-008,6/14/2019,12
646,GRE-FAS-008,6/14/2019,13
647,RED-FAS-007,6/14/2019,5
648,RED-FAS-007,6/15/2019,6
649,RED-FAS-007,6/15/2019,5
650,CAH-OWN-001,6/15/2019,5
651,MIT-SAL-003,6/15/2019,7
652,RED-FAS-007,6/16/2019,6
653,RED-FAS-007,6/17/2019,15
654,MIT-SAL-003,6/17/2019,14
655,GRE-FAS-008,6/17/2019,15
656,GRE-FAS-008,6/17/2019,6
657,GRE-FAS-008,6/18/2019,5
658,RED-FAS-007,6/18/2019,14
659,GRE-FAS-008,6/18/2019,14
660,RED-FAS-007,6/19/2019,13
661,RED-FAS-007,6/19/2019,10
662,RED-FAS-007,6/19/2019,12
663,GRE-FAS-008,6/20/2019,13
664,GRE-FAS-008,6/20/2019,7
665,RED-FAS-007,6/20/2019,8
666,GRE-FAS-008,6/20/2019,7
667,RED-FAS-007,6/20/2019,13
668,GRE-FAS-008,6/21/2019,15
669,MIT-SAL-003,6/21/2019,7
670,MIT-SAL-003,6/21/2019,10
671,UND-SAL-004,6/21/2019,8
672,RED-FAS-007,6/21/2019,12
673,RED-FAS-007,6/22/2019,9
674,CAH-OWN-001,6/22/2019,13
675,GRE-FAS-008,6/23/2019,5
676,GRE-FAS-008,6/23/2019,8
677,RED-FAS-007,6/24/2019,15
678,RED-FAS-007,6/24/2019,15
679,RED-FAS-007,6/24/2019,6
680,CAH-OWN-001,6/24/2019,14
681,MIT-SAL-003,6/24/2019,11
682,RED-FAS-007,6/25/2019,13
683,RED-FAS-007,6/25/2019,8
684,MIT-SAL-003,6/26/2019,11
685,GRE-FAS-008,6/27/2019,9
686,GRE-FAS-008,6/27/2019,13
687,GRE-FAS-008,6/28/2019,7
688,RED-FAS-007,6/28/2019,7
689,GRE-FAS-008,6/28/2019,11
690,RED-FAS-007,6/28/2019,9
691,RED-FAS-007,6/29/2019,13
692,RED-FAS-007,6/30/2019,10
693,GRE-FAS-008,6/30/2019,15
694,GRE-FAS-008,6/30/2019,12
695,RED-FAS-007,7/1/2019,14
696,GRE-FAS-008,7/1/2019,11
697,RED-FAS-007,7/1/2019,10
698,GRE-FAS-008,7/2/2019,6
699,MIT-SAL-003,7/2/2019,10
700,MIT-SAL-003,7/2/2019,8
701,UND-SAL-004,7/3/2019,8
702,RED-FAS-007,7/3/2019,7
703,RED-FAS-007,7/3/2019,13
704,CAH-OWN-001,7/4/2019,8
705,GRE-FAS-008,7/4/2019,9
706,GRE-FAS-008,7/4/2019,6
707,RED-FAS-007,7/4/2019,9
708,RED-FAS-007,7/5/2019,12
709,RED-FAS-007,7/5/2019,11
710,CAH-OWN-001,7/5/2019,12
711,MIT-SAL-003,7/6/2019,8
712,RED-FAS-007,7/6/2019,10
713,RED-FAS-007,7/6/2019,13
714,MIT-SAL-003,7/7/2019,6
715,GRE-FAS-008,7/7/2019,5
716,GRE-FAS-008,7/7/2019,13
717,GRE-FAS-008,7/8/2019,9
718,RED-FAS-007,7/8/2019,14
719,GRE-FAS-008,7/8/2019,15
720,RED-FAS-007,7/8/2019,10
721,RED-FAS-007,7/8/2019,13
722,RED-FAS-007,7/9/2019,14
723,GRE-FAS-008,7/9/2019,15
724,GRE-FAS-008,7/10/2019,7
725,RED-FAS-007,7/10/2019,14
726,GRE-FAS-008,7/11/2019,8
727,RED-FAS-007,7/11/2019,7
728,GRE-FAS-008,7/12/2019,9
729,MIT-SAL-003,7/12/2019,13
730,MIT-SAL-003,7/13/2019,6
731,UND-SAL-004,7/13/2019,12
732,RED-FAS-007,7/13/2019,15
733,RED-FAS-007,7/13/2019,7
734,CAH-OWN-001,7/13/2019,12
735,GRE-FAS-008,7/14/2019,11
736,GRE-FAS-008,7/14/2019,11
737,RED-FAS-007,7/15/2019,10
738,RED-FAS-007,7/16/2019,5
739,RED-FAS-007,7/16/2019,15
740,CAH-OWN-001,7/16/2019,8
741,MIT-SAL-003,7/16/2019,15
742,RED-FAS-007,7/16/2019,7
743,RED-FAS-007,7/16/2019,7
744,MIT-SAL-003,7/16/2019,15
745,GRE-FAS-008,7/17/2019,12
746,GRE-FAS-008,7/18/2019,6
747,GRE-FAS-008,7/18/2019,8
748,RED-FAS-007,7/18/2019,8
749,GRE-FAS-008,7/18/2019,10
750,RED-FAS-007,7/18/2019,10
751,RED-FAS-007,7/18/2019,13
752,RED-FAS-007,7/18/2019,8
753,GRE-FAS-008,7/18/2019,8
754,GRE-FAS-008,7/19/2019,5
755,RED-FAS-007,7/19/2019,8
756,GRE-FAS-008,7/19/2019,11
757,RED-FAS-007,7/19/2019,10
758,GRE-FAS-008,7/19/2019,14
759,MIT-SAL-003,7/20/2019,9
760,MIT-SAL-003,7/20/2019,6
761,UND-SAL-004,7/20/2019,14
762,RED-FAS-007,7/20/2019,12
763,RED-FAS-007,7/21/2019,7
764,CAH-OWN-001,7/22/2019,7
765,GRE-FAS-008,7/22/2019,11
766,GRE-FAS-008,7/22/2019,12
767,RED-FAS-007,7/22/2019,13
768,RED-FAS-007,7/22/2019,14
769,RED-FAS-007,7/23/2019,10
770,CAH-OWN-001,7/23/2019,15
771,MIT-SAL-003,7/23/2019,11
772,RED-FAS-007,7/23/2019,13
773,RED-FAS-007,7/24/2019,6
774,MIT-SAL-003,7/24/2019,15
775,GRE-FAS-008,7/25/2019,9
776,GRE-FAS-008,7/25/2019,14
777,GRE-FAS-008,7/25/2019,13
778,RED-FAS-007,7/25/2019,7
779,GRE-FAS-008,7/25/2019,10
780,RED-FAS-007,7/26/2019,14
781,RED-FAS-007,7/27/2019,6
782,RED-FAS-007,7/27/2019,12
783,GRE-FAS-008,7/28/2019,9
784,GRE-FAS-008,7/28/2019,15
785,RED-FAS-007,7/28/2019,5
786,GRE-FAS-008,7/28/2019,11
787,RED-FAS-007,7/28/2019,8
788,GRE-FAS-008,7/29/2019,9
789,MIT-SAL-003,7/29/2019,12
790,MIT-SAL-003,7/29/2019,15
791,UND-SAL-004,7/29/2019,10
792,RED-FAS-007,7/30/2019,7
793,RED-FAS-007,7/31/2019,9
794,CAH-OWN-001,7/31/2019,7
795,GRE-FAS-008,7/31/2019,12
796,GRE-FAS-008,8/1/2019,10
797,RED-FAS-007,8/1/2019,8
798,RED-FAS-007,8/1/2019,15
799,RED-FAS-007,8/2/2019,10
800,CAH-OWN-001,8/3/2019,10
801,MIT-SAL-003,8/3/2019,8
802,RED-FAS-007,8/3/2019,14
803,RED-FAS-007,8/4/2019,10
804,MIT-SAL-003,8/4/2019,14
805,GRE-FAS-008,8/4/2019,11
806,GRE-FAS-008,8/5/2019,14
807,GRE-FAS-008,8/5/2019,7
808,RED-FAS-007,8/5/2019,10
809,GRE-FAS-008,8/5/2019,7
810,RED-FAS-007,8/6/2019,7
811,RED-FAS-007,8/6/2019,8
812,RED-FAS-007,8/7/2019,13
813,GRE-FAS-008,8/8/2019,12
814,GRE-FAS-008,8/8/2019,11
815,RED-FAS-007,8/9/2019,8
816,GRE-FAS-008,8/9/2019,13
817,RED-FAS-007,8/10/2019,12
818,GRE-FAS-008,8/10/2019,12
819,MIT-SAL-003,8/10/2019,8
820,MIT-SAL-003,8/10/2019,7
821,UND-SAL-004,8/10/2019,5
822,RED-FAS-007,8/10/2019,7
823,RED-FAS-007,8/10/2019,8
824,CAH-OWN-001,8/10/2019,11
825,GRE-FAS-008,8/11/2019,8
826,GRE-FAS-008,8/11/2019,10
827,RED-FAS-007,8/14/2019,13
828,RED-FAS-007,8/14/2019,7
829,RED-FAS-007,8/14/2019,11
830,CAH-OWN-001,8/14/2019,6
831,MIT-SAL-003,8/14/2019,13
832,RED-FAS-007,8/15/2019,5
833,RED-FAS-007,8/15/2019,13
834,MIT-SAL-003,8/16/2019,7
835,GRE-FAS-008,8/16/2019,5
836,GRE-FAS-008,8/16/2019,8
837,GRE-FAS-008,8/16/2019,5
838,RED-FAS-007,8/16/2019,7
839,GRE-FAS-008,8/16/2019,7
840,RED-FAS-007,8/17/2019,8
841,RED-FAS-007,8/17/2019,15
842,RED-FAS-007,8/18/2019,13
843,GRE-FAS-008,8/18/2019,10
844,GRE-FAS-008,8/18/2019,12
845,RED-FAS-007,8/18/2019,9
846,GRE-FAS-008,8/19/2019,12
847,RED-FAS-007,8/19/2019,13
848,GRE-FAS-008,8/20/2019,7
849,MIT-SAL-003,8/20/2019,15
850,MIT-SAL-003,8/20/2019,9
851,UND-SAL-004,8/20/2019,8
852,RED-FAS-007,8/20/2019,10
853,RED-FAS-007,8/21/2019,12
854,CAH-OWN-001,8/21/2019,5
855,GRE-FAS-008,8/21/2019,14
856,GRE-FAS-008,8/22/2019,8
857,RED-FAS-007,8/22/2019,14
858,RED-FAS-007,8/23/2019,15
859,RED-FAS-007,8/23/2019,7
860,CAH-OWN-001,8/23/2019,7
861,MIT-SAL-003,8/23/2019,5
862,RED-FAS-007,8/24/2019,14
863,RED-FAS-007,8/24/2019,9
864,MIT-SAL-003,8/24/2019,11
865,GRE-FAS-008,8/24/2019,14
866,GRE-FAS-008,8/25/2019,7
867,GRE-FAS-008,8/26/2019,11
868,RED-FAS-007,8/26/2019,15
869,GRE-FAS-008,8/26/2019,8
870,RED-FAS-007,8/26/2019,8
871,RED-FAS-007,8/27/2019,5
872,RED-FAS-007,8/27/2019,12
873,GRE-FAS-008,8/27/2019,6
874,GRE-FAS-008,8/27/2019,13
875,RED-FAS-007,8/28/2019,9
876,GRE-FAS-008,8/28/2019,14
877,RED-FAS-007,8/28/2019,15
878,GRE-FAS-008,8/28/2019,12
879,MIT-SAL-003,8/29/2019,6
880,MIT-SAL-003,8/29/2019,5
881,UND-SAL-004,8/29/2019,10
882,RED-FAS-007,8/30/2019,11
883,RED-FAS-007,8/30/2019,12
884,CAH-OWN-001,8/30/2019,7
885,GRE-FAS-008,8/30/2019,6
886,GRE-FAS-008,8/30/2019,14
887,RED-FAS-007,8/31/2019,10
888,RED-FAS-007,8/31/2019,8
889,RED-FAS-007,8/31/2019,13
890,CAH-OWN-001,8/31/2019,9
891,MIT-SAL-003,8/31/2019,11
892,RED-FAS-007,8/31/2019,9
893,RED-FAS-007,8/31/2019,11
894,MIT-SAL-003,9/1/2019,15
895,GRE-FAS-008,9/1/2019,8
896,GRE-FAS-008,9/1/2019,8
897,GRE-FAS-008,9/2/2019,9
898,RED-FAS-007,9/2/2019,9
899,GRE-FAS-008,9/3/2019,7
900,RED-FAS-007,9/4/2019,15
901,RED-FAS-007,9/4/2019,8
902,RED-FAS-007,9/4/2019,8
903,GRE-FAS-008,9/4/2019,13
904,GRE-FAS-008,9/4/2019,5
905,RED-FAS-007,9/5/2019,8
906,GRE-FAS-008,9/6/2019,10
907,RED-FAS-007,9/6/2019,7
908,GRE-FAS-008,9/6/2019,11
909,MIT-SAL-003,9/6/2019,10
910,MIT-SAL-003,9/7/2019,11
911,UND-SAL-004,9/8/2019,6
912,RED-FAS-007,9/8/2019,14
913,RED-FAS-007,9/8/2019,9
914,CAH-OWN-001,9/8/2019,10
915,GRE-FAS-008,9/8/2019,5
916,GRE-FAS-008,9/9/2019,5
917,RED-FAS-007,9/9/2019,9
918,RED-FAS-007,9/10/2019,9
919,RED-FAS-007,9/10/2019,5
920,CAH-OWN-001,9/10/2019,7
921,MIT-SAL-003,9/10/2019,12
922,RED-FAS-007,9/10/2019,9
923,RED-FAS-007,9/10/2019,13
924,MIT-SAL-003,9/11/2019,6
925,GRE-FAS-008,9/11/2019,12
926,GRE-FAS-008,9/12/2019,11
927,GRE-FAS-008,9/12/2019,12
928,RED-FAS-007,9/12/2019,13
929,GRE-FAS-008,9/12/2019,12
930,RED-FAS-007,9/12/2019,13
931,RED-FAS-007,9/12/2019,11
932,RED-FAS-007,9/12/2019,15
933,GRE-FAS-008,9/13/2019,13
934,GRE-FAS-008,9/13/2019,10
935,RED-FAS-007,9/14/2019,8
936,GRE-FAS-008,9/14/2019,14
937,RED-FAS-007,9/14/2019,7
938,GRE-FAS-008,9/14/2019,6
939,MIT-SAL-003,9/14/2019,9
940,MIT-SAL-003,9/15/2019,7
941,UND-SAL-004,9/15/2019,15
942,RED-FAS-007,9/15/2019,5
943,RED-FAS-007,9/16/2019,5
944,CAH-OWN-001,9/16/2019,13
945,GRE-FAS-008,9/17/2019,15
946,GRE-FAS-008,9/17/2019,11
947,RED-FAS-007,9/17/2019,10
948,RED-FAS-007,9/19/2019,12
949,RED-FAS-007,9/20/2019,9
950,CAH-OWN-001,9/20/2019,11
951,MIT-SAL-003,9/20/2019,9
952,RED-FAS-007,9/20/2019,5
953,RED-FAS-007,9/20/2019,14
954,MIT-SAL-003,9/21/2019,9
955,GRE-FAS-008,9/21/2019,8
956,GRE-FAS-008,9/21/2019,5
957,GRE-FAS-008,9/21/2019,10
958,RED-FAS-007,9/21/2019,8
959,GRE-FAS-008,9/21/2019,12
960,RED-FAS-007,9/22/2019,12
961,RED-FAS-007,9/22/2019,14
962,RED-FAS-007,9/22/2019,10
963,GRE-FAS-008,9/23/2019,7
964,GRE-FAS-008,9/23/2019,13
965,RED-FAS-007,9/23/2019,13
966,GRE-FAS-008,9/24/2019,6
967,RED-FAS-007,9/24/2019,12
968,GRE-FAS-008,9/26/2019,11
969,MIT-SAL-003,9/27/2019,10
970,MIT-SAL-003,9/27/2019,12
971,UND-SAL-004,9/27/2019,7
972,RED-FAS-007,9/27/2019,7
973,RED-FAS-007,9/28/2019,7
974,CAH-OWN-001,9/29/2019,5
975,GRE-FAS-008,9/30/2019,6
976,GRE-FAS-008,10/1/2019,6
977,RED-FAS-007,10/2/2019,11
978,RED-FAS-007,10/2/2019,5
979,RED-FAS-007,10/2/2019,12
980,CAH-OWN-001,10/3/2019,10
981,MIT-SAL-003,10/3/2019,14
982,RED-FAS-007,10/3/2019,8
983,RED-FAS-007,10/5/2019,6
984,MIT-SAL-003,10/5/2019,12
985,GRE-FAS-008,10/5/2019,14
986,GRE-FAS-008,10/6/2019,13
987,GRE-FAS-008,10/7/2019,12
988,RED-FAS-007,10/7/2019,12
989,GRE-FAS-008,10/7/2019,15
990,RED-FAS-007,10/7/2019,5
991,RED-FAS-007,10/7/2019,7
992,RED-FAS-007,10/7/2019,9
993,GRE-FAS-008,10/8/2019,14
994,GRE-FAS-008,10/9/2019,8
995,RED-FAS-007,10/9/2019,5
996,GRE-FAS-008,10/10/2019,11
997,RED-FAS-007,10/10/2019,10
998,GRE-FAS-008,10/10/2019,12
999,MIT-SAL-003,10/10/2019,7
1000,MIT-SAL-003,10/10/2019,7
1001,UND-SAL-004,10/11/2019,12
1002,RED-FAS-007,10/11/2019,11
1003,RED-FAS-007,10/11/2019,9
1004,CAH-OWN-001,10/11/2019,5
1005,GRE-FAS-008,10/12/2019,10
1006,GRE-FAS-008,10/12/2019,15
1007,RED-FAS-007,10/12/2019,9
1008,RED-FAS-007,10/12/2019,8
1009,RED-FAS-007,10/13/2019,9
1010,CAH-OWN-001,10/14/2019,8
1011,MIT-SAL-003,10/14/2019,6
1012,RED-FAS-007,10/14/2019,6
1013,RED-FAS-007,10/14/2019,12
1014,MIT-SAL-003,10/15/2019,12
1015,GRE-FAS-008,10/15/2019,14
1016,GRE-FAS-008,10/15/2019,15
1017,GRE-FAS-008,10/16/2019,13
1018,RED-FAS-007,10/16/2019,5
1019,GRE-FAS-008,10/16/2019,13
1020,RED-FAS-007,10/17/2019,12
1021,RED-FAS-007,10/17/2019,14
1022,RED-FAS-007,10/17/2019,12
1023,GRE-FAS-008,10/18/2019,11
1024,GRE-FAS-008,10/19/2019,9
1025,RED-FAS-007,10/19/2019,10
1026,GRE-FAS-008,10/19/2019,7
1027,RED-FAS-007,10/19/2019,6
1028,GRE-FAS-008,10/20/2019,7
1029,MIT-SAL-003,10/20/2019,10
1030,MIT-SAL-003,10/20/2019,12
1031,UND-SAL-004,10/21/2019,9
1032,RED-FAS-007,10/21/2019,15
1033,RED-FAS-007,10/22/2019,9
1034,CAH-OWN-001,10/22/2019,10
1035,GRE-FAS-008,10/24/2019,10
1036,GRE-FAS-008,10/24/2019,11
1037,RED-FAS-007,10/24/2019,7
1038,RED-FAS-007,10/26/2019,8
1039,RED-FAS-007,10/26/2019,11
1040,CAH-OWN-001,10/27/2019,7
1041,MIT-SAL-003,10/27/2019,13
1042,RED-FAS-007,10/27/2019,15
1043,RED-FAS-007,10/28/2019,13
1044,MIT-SAL-003,10/28/2019,5
1045,GRE-FAS-008,10/28/2019,12
1046,GRE-FAS-008,10/29/2019,14
1047,GRE-FAS-008,10/29/2019,6
1048,RED-FAS-007,10/29/2019,13
1049,GRE-FAS-008,10/29/2019,11
1050,RED-FAS-007,10/29/2019,11
1051,RED-FAS-007,10/30/2019,8
1052,RED-FAS-007,10/30/2019,6
1053,GRE-FAS-008,10/30/2019,10
1054,GRE-FAS-008,10/30/2019,6
1055,RED-FAS-007,10/31/2019,10
1056,GRE-FAS-008,10/31/2019,7
1057,RED-FAS-007,10/31/2019,9
1058,GRE-FAS-008,10/31/2019,14
1059,MIT-SAL-003,11/1/2019,5
1060,MIT-SAL-003,11/1/2019,10
1061,UND-SAL-004,11/2/2019,7
1062,RED-FAS-007,11/2/2019,5
1063,RED-FAS-007,11/2/2019,8
1064,CAH-OWN-001,11/2/2019,6
1065,GRE-FAS-008,11/3/2019,15
1066,GRE-FAS-008,11/3/2019,10
1067,RED-FAS-007,11/3/2019,10
1068,RED-FAS-007,11/3/2019,14
1069,RED-FAS-007,11/3/2019,14
1070,CAH-OWN-001,11/4/2019,10
1071,MIT-SAL-003,11/4/2019,5
1072,RED-FAS-007,11/5/2019,10
1073,RED-FAS-007,11/5/2019,10
1074,MIT-SAL-003,11/5/2019,9
1075,GRE-FAS-008,11/5/2019,8
1076,GRE-FAS-008,11/6/2019,5
1077,GRE-FAS-008,11/6/2019,6
1078,RED-FAS-007,11/6/2019,12
1079,GRE-FAS-008,11/7/2019,9
1080,RED-FAS-007,11/7/2019,14
1081,RED-FAS-007,11/7/2019,15
1082,RED-FAS-007,11/7/2019,14
1083,GRE-FAS-008,11/8/2019,15
1084,GRE-FAS-008,11/8/2019,6
1085,RED-FAS-007,11/9/2019,15
1086,GRE-FAS-008,11/10/2019,12
1087,RED-FAS-007,11/10/2019,7
1088,GRE-FAS-008,11/10/2019,10
1089,MIT-SAL-003,11/10/2019,12
1090,MIT-SAL-003,11/10/2019,13
1091,UND-SAL-004,11/10/2019,10
1092,RED-FAS-007,11/11/2019,8
1093,RED-FAS-007,11/12/2019,6
1094,CAH-OWN-001,11/12/2019,9
1095,GRE-FAS-008,11/12/2019,11
1096,GRE-FAS-008,11/12/2019,14
1097,RED-FAS-007,11/12/2019,8
1098,RED-FAS-007,11/12/2019,10
1099,RED-FAS-007,11/13/2019,15
1100,CAH-OWN-001,11/13/2019,13
1101,MIT-SAL-003,11/14/2019,6
1102,RED-FAS-007,11/14/2019,8
1103,RED-FAS-007,11/15/2019,15
1104,MIT-SAL-003,11/15/2019,8
1105,GRE-FAS-008,11/16/2019,15
1106,GRE-FAS-008,11/17/2019,13
1107,GRE-FAS-008,11/17/2019,11
1108,RED-FAS-007,11/18/2019,13
1109,GRE-FAS-008,11/19/2019,6
1110,RED-FAS-007,11/20/2019,9
1111,RED-FAS-007,11/20/2019,12
1112,RED-FAS-007,11/21/2019,14
1113,GRE-FAS-008,11/21/2019,5
1114,GRE-FAS-008,11/21/2019,11
1115,RED-FAS-007,11/21/2019,14
1116,GRE-FAS-008,11/22/2019,7
1117,RED-FAS-007,11/22/2019,14
1118,GRE-FAS-008,11/22/2019,8
1119,MIT-SAL-003,11/23/2019,14
1120,MIT-SAL-003,11/24/2019,8
1121,UND-SAL-004,11/24/2019,11
1122,RED-FAS-007,11/25/2019,11
1123,RED-FAS-007,11/26/2019,6
1124,CAH-OWN-001,11/27/2019,14
1125,GRE-FAS-008,11/28/2019,6
1126,GRE-FAS-008,11/29/2019,15
1127,RED-FAS-007,11/29/2019,12
1128,RED-FAS-007,11/30/2019,15
1129,RED-FAS-007,12/1/2019,7
1130,CAH-OWN-001,12/1/2019,15
1131,MIT-SAL-003,12/1/2019,10
1132,RED-FAS-007,12/1/2019,5
1133,RED-FAS-007,12/1/2019,13
1134,MIT-SAL-003,12/2/2019,9
1135,GRE-FAS-008,12/2/2019,9
1136,GRE-FAS-008,12/3/2019,6
1137,GRE-FAS-008,12/3/2019,5
1138,RED-FAS-007,12/3/2019,15
1139,GRE-FAS-008,12/4/2019,15
1140,RED-FAS-007,12/5/2019,13
1141,RED-FAS-007,12/5/2019,12
1142,RED-FAS-007,12/5/2019,15
1143,GRE-FAS-008,12/6/2019,11
1144,GRE-FAS-008,12/6/2019,7
1145,RED-FAS-007,12/6/2019,13
1146,GRE-FAS-008,12/6/2019,9
1147,RED-FAS-007,12/6/2019,15
1148,GRE-FAS-008,12/6/2019,7
1149,MIT-SAL-003,12/7/2019,14
1150,MIT-SAL-003,12/7/2019,11
1151,UND-SAL-004,12/7/2019,6
1152,RED-FAS-007,12/7/2019,10
1153,RED-FAS-007,12/7/2019,8
1154,CAH-OWN-001,12/8/2019,11
1155,GRE-FAS-008,12/9/2019,12
1156,GRE-FAS-008,12/9/2019,14
1157,RED-FAS-007,12/9/2019,9
1158,RED-FAS-007,12/9/2019,6
1159,RED-FAS-007,12/9/2019,11
1160,CAH-OWN-001,12/10/2019,11
1161,MIT-SAL-003,12/10/2019,12
1162,RED-FAS-007,12/10/2019,8
1163,RED-FAS-007,12/11/2019,14
1164,MIT-SAL-003,12/11/2019,5
1165,GRE-FAS-008,12/11/2019,9
1166,GRE-FAS-008,12/11/2019,5
1167,GRE-FAS-008,12/11/2019,13
1168,RED-FAS-007,12/11/2019,13
1169,GRE-FAS-008,12/11/2019,5
1170,RED-FAS-007,12/12/2019,15
1171,RED-FAS-007,12/12/2019,11
1172,RED-FAS-007,12/12/2019,7
1173,GRE-FAS-008,12/12/2019,5
1174,GRE-FAS-008,12/13/2019,8
1175,RED-FAS-007,12/13/2019,6
1176,GRE-FAS-008,12/13/2019,10
1177,RED-FAS-007,12/14/2019,11
1178,GRE-FAS-008,12/14/2019,5
1179,MIT-SAL-003,12/14/2019,7
1180,MIT-SAL-003,12/14/2019,15
1181,UND-SAL-004,12/14/2019,9
1182,RED-FAS-007,12/14/2019,15
1183,RED-FAS-007,12/14/2019,15
1184,CAH-OWN-001,12/14/2019,9
1185,GRE-FAS-008,12/14/2019,10
1186,GRE-FAS-008,12/14/2019,10
1187,RED-FAS-007,12/16/2019,9
1188,RED-FAS-007,12/16/2019,6
1189,RED-FAS-007,12/16/2019,12
1190,CAH-OWN-001,12/17/2019,8
1191,MIT-SAL-003,12/17/2019,10
1192,RED-FAS-007,12/17/2019,5
1193,RED-FAS-007,12/18/2019,11
1194,MIT-SAL-003,12/18/2019,14
1195,GRE-FAS-008,12/18/2019,14
1196,GRE-FAS-008,12/19/2019,5
1197,GRE-FAS-008,12/19/2019,8
1198,RED-FAS-007,12/19/2019,7
1199,GRE-FAS-008,12/19/2019,15
1200,RED-FAS-007,12/19/2019,12
1201,RED-FAS-007,12/20/2019,8
1202,RED-FAS-007,12/20/2019,5
1203,GRE-FAS-008,12/20/2019,7
1204,GRE-FAS-008,12/20/2019,6
1205,RED-FAS-007,12/20/2019,10
1206,GRE-FAS-008,12/20/2019,9
1207,RED-FAS-007,12/20/2019,5
1208,GRE-FAS-008,12/20/2019,13
1209,MIT-SAL-003,12/23/2019,12
1210,MIT-SAL-003,12/23/2019,10
1211,UND-SAL-004,12/23/2019,13
1212,RED-FAS-007,12/23/2019,8
1213,RED-FAS-007,12/23/2019,7
1214,CAH-OWN-001,12/23/2019,11
1215,GRE-FAS-008,12/24/2019,6
1216,GRE-FAS-008,12/24/2019,14
1217,RED-FAS-007,12/24/2019,13
1218,RED-FAS-007,12/24/2019,11
1219,RED-FAS-007,12/24/2019,5
1220,CAH-OWN-001,12/25/2019,15
1221,MIT-SAL-003,12/25/2019,15
1222,RED-FAS-007,12/25/2019,11
1223,RED-FAS-007,12/26/2019,12
1224,MIT-SAL-003,12/26/2019,7
1225,GRE-FAS-008,12/26/2019,6
1226,GRE-FAS-008,12/26/2019,6
1227,GRE-FAS-008,12/27/2019,6
1228,RED-FAS-007,12/27/2019,13
1229,GRE-FAS-008,12/27/2019,12
1230,RED-FAS-007,12/27/2019,10
1231,RED-FAS-007,12/28/2019,14
1232,RED-FAS-007,12/28/2019,14
1233,GRE-FAS-008,12/28/2019,8
1234,GRE-FAS-008,12/28/2019,11
1235,RED-FAS-007,12/29/2019,10
1236,GRE-FAS-008,12/29/2019,11
1237,RED-FAS-007,12/30/2019,5
1238,GRE-FAS-008,12/30/2019,10
1239,MIT-SAL-003,12/30/2019,14
1240,MIT-SAL-003,12/31/2019,8
1241,UND-SAL-004,12/31/2019,7
1242,RED-FAS-007,1/1/2020,7
1243,RED-FAS-007,1/1/2020,13
1244,CAH-OWN-001,1/1/2020,5
1245,GRE-FAS-008,1/1/2020,11
1246,GRE-FAS-008,1/1/2020,10
1247,RED-FAS-007,1/1/2020,5
1248,RED-FAS-007,1/2/2020,9
1249,RED-FAS-007,1/2/2020,10
1250,CAH-OWN-001,1/2/2020,8
1251,MIT-SAL-003,1/2/2020,13
1252,RED-FAS-007,1/3/2020,15
1253,RED-FAS-007,1/4/2020,14
1254,MIT-SAL-003,1/4/2020,6
1255,GRE-FAS-008,1/4/2020,14
1256,GRE-FAS-008,1/4/2020,9
1257,GRE-FAS-008,1/4/2020,12
1258,RED-FAS-007,1/5/2020,8
1259,GRE-FAS-008,1/5/2020,14
1260,RED-FAS-007,1/5/2020,9
1261,RED-FAS-007,1/5/2020,11
1262,RED-FAS-007,1/5/2020,15
1263,GRE-FAS-008,1/6/2020,8
1264,GRE-FAS-008,1/6/2020,14
1265,RED-FAS-007,1/7/2020,9
1266,GRE-FAS-008,1/7/2020,11
1267,RED-FAS-007,1/7/2020,5
1268,GRE-FAS-008,1/7/2020,9
1269,MIT-SAL-003,1/8/2020,9
1270,MIT-SAL-003,1/8/2020,10
1271,UND-SAL-004,1/8/2020,9
1272,RED-FAS-007,1/8/2020,15
1273,RED-FAS-007,1/8/2020,8
1274,CAH-OWN-001,1/9/2020,7
1275,GRE-FAS-008,1/9/2020,8
1276,GRE-FAS-008,1/9/2020,6
1277,RED-FAS-007,1/9/2020,8
1278,RED-FAS-007,1/10/2020,6
1279,RED-FAS-007,1/10/2020,9
1280,CAH-OWN-001,1/11/2020,9
1281,MIT-SAL-003,1/11/2020,13
1282,RED-FAS-007,1/11/2020,14
1283,RED-FAS-007,1/11/2020,10
1284,MIT-SAL-003,1/11/2020,10
1285,GRE-FAS-008,1/12/2020,13
1286,GRE-FAS-008,1/12/2020,13
1287,GRE-FAS-008,1/12/2020,13
1288,RED-FAS-007,1/12/2020,8
1289,GRE-FAS-008,1/13/2020,14
1290,RED-FAS-007,1/13/2020,13
1291,RED-FAS-007,1/14/2020,15
1292,RED-FAS-007,1/14/2020,12
1293,GRE-FAS-008,1/14/2020,7
1294,GRE-FAS-008,1/14/2020,10
1295,RED-FAS-007,1/15/2020,12
1296,GRE-FAS-008,1/15/2020,8
1297,RED-FAS-007,1/15/2020,15
1298,GRE-FAS-008,1/16/2020,13
1299,MIT-SAL-003,1/17/2020,13
1300,MIT-SAL-003,1/17/2020,13
1301,UND-SAL-004,1/17/2020,5
1302,RED-FAS-007,1/17/2020,7
1303,RED-FAS-007,1/17/2020,7
1304,CAH-OWN-001,1/17/2020,14
1305,GRE-FAS-008,1/18/2020,8
1306,GRE-FAS-008,1/18/2020,12
1307,RED-FAS-007,1/18/2020,9
1308,RED-FAS-007,1/18/2020,12
1309,RED-FAS-007,1/19/2020,15
1310,CAH-OWN-001,1/19/2020,15
1311,MIT-SAL-003,1/19/2020,6
1312,RED-FAS-007,1/19/2020,8
1313,RED-FAS-007,1/20/2020,12
1314,MIT-SAL-003,1/20/2020,14
1315,GRE-FAS-008,1/21/2020,9
1316,GRE-FAS-008,1/21/2020,8
1317,GRE-FAS-008,1/21/2020,13
1318,RED-FAS-007,1/21/2020,9
1319,GRE-FAS-008,1/22/2020,11
1320,RED-FAS-007,1/22/2020,8
1321,RED-FAS-007,1/23/2020,8
1322,RED-FAS-007,1/23/2020,13
1323,GRE-FAS-008,1/23/2020,8
1324,GRE-FAS-008,1/23/2020,9
1325,RED-FAS-007,1/23/2020,13
1326,GRE-FAS-008,1/23/2020,5
1327,RED-FAS-007,1/24/2020,13
1328,GRE-FAS-008,1/24/2020,6
1329,MIT-SAL-003,1/24/2020,7
1330,MIT-SAL-003,1/24/2020,12
1331,UND-SAL-004,1/24/2020,14
1332,RED-FAS-007,1/25/2020,10
1333,RED-FAS-007,1/25/2020,8
1334,CAH-OWN-001,1/25/2020,7
1335,GRE-FAS-008,1/26/2020,10
1336,GRE-FAS-008,1/26/2020,9
1337,RED-FAS-007,1/26/2020,5
1338,RED-FAS-007,1/26/2020,8
1339,RED-FAS-007,1/27/2020,13
1340,CAH-OWN-001,1/27/2020,14
1341,MIT-SAL-003,1/27/2020,8
1342,RED-FAS-007,1/27/2020,10
1343,RED-FAS-007,1/28/2020,13
1344,MIT-SAL-003,1/28/2020,9
1345,GRE-FAS-008,1/28/2020,12
1346,GRE-FAS-008,1/28/2020,9
1347,GRE-FAS-008,1/28/2020,5
1348,RED-FAS-007,1/28/2020,7
1349,GRE-FAS-008,1/29/2020,9
1350,RED-FAS-007,1/30/2020,5
1351,RED-FAS-007,1/30/2020,10
1352,RED-FAS-007,1/30/2020,7
1353,GRE-FAS-008,1/31/2020,8
1354,GRE-FAS-008,1/31/2020,13
1355,RED-FAS-007,2/1/2020,7
1356,GRE-FAS-008,2/1/2020,8
1357,RED-FAS-007,2/1/2020,5
1358,GRE-FAS-008,2/2/2020,12
1359,MIT-SAL-003,2/2/2020,10
1360,MIT-SAL-003,2/3/2020,13
1361,UND-SAL-004,2/3/2020,5
1362,RED-FAS-007,2/3/2020,7
1363,RED-FAS-007,2/3/2020,6
1364,CAH-OWN-001,2/3/2020,9
1365,GRE-FAS-008,2/4/2020,15
1366,GRE-FAS-008,2/5/2020,5
1367,RED-FAS-007,2/5/2020,7
1368,RED-FAS-007,2/5/2020,5
1369,RED-FAS-007,2/5/2020,10
1370,CAH-OWN-001,2/5/2020,15
1371,MIT-SAL-003,2/6/2020,9
1372,RED-FAS-007,2/6/2020,14
1373,RED-FAS-007,2/7/2020,7
1374,MIT-SAL-003,2/7/2020,8
1375,GRE-FAS-008,2/8/2020,13
1376,GRE-FAS-008,2/8/2020,6
1377,GRE-FAS-008,2/9/2020,5
1378,RED-FAS-007,2/9/2020,5
1379,GRE-FAS-008,2/9/2020,7
1380,RED-FAS-007,2/9/2020,6
1381,RED-FAS-007,2/10/2020,13
1382,RED-FAS-007,2/10/2020,10
1383,GRE-FAS-008,2/10/2020,9
1384,GRE-FAS-008,2/11/2020,7
1385,RED-FAS-007,2/12/2020,10
1386,GRE-FAS-008,2/12/2020,12
1387,RED-FAS-007,2/13/2020,10
1388,GRE-FAS-008,2/13/2020,5
1389,MIT-SAL-003,2/13/2020,6
1390,MIT-SAL-003,2/13/2020,9
1391,UND-SAL-004,2/13/2020,9
1392,RED-FAS-007,2/13/2020,7
1393,RED-FAS-007,2/14/2020,10
1394,CAH-OWN-001,2/15/2020,5
1395,GRE-FAS-008,2/15/2020,12
1396,GRE-FAS-008,2/16/2020,14
1397,RED-FAS-007,2/16/2020,13
1398,RED-FAS-007,2/16/2020,9
1399,RED-FAS-007,2/16/2020,9
1400,CAH-OWN-001,2/17/2020,6
1401,MIT-SAL-003,2/18/2020,9
1402,RED-FAS-007,2/19/2020,5
1403,RED-FAS-007,2/20/2020,6
1404,MIT-SAL-003,2/20/2020,9
1405,GRE-FAS-008,2/20/2020,12
1406,GRE-FAS-008,2/21/2020,13
1407,GRE-FAS-008,2/21/2020,7
1408,RED-FAS-007,2/22/2020,12
1409,GRE-FAS-008,2/22/2020,14
1410,RED-FAS-007,2/22/2020,9
1411,RED-FAS-007,2/22/2020,14
1412,RED-FAS-007,2/23/2020,5
1413,GRE-FAS-008,2/23/2020,8
1414,GRE-FAS-008,2/23/2020,10
1415,RED-FAS-007,2/23/2020,5
1416,GRE-FAS-008,2/23/2020,14
1417,RED-FAS-007,2/24/2020,13
1418,GRE-FAS-008,2/24/2020,8
1419,MIT-SAL-003,2/24/2020,8
1420,MIT-SAL-003,2/24/2020,12
1421,UND-SAL-004,2/24/2020,10
1422,RED-FAS-007,2/24/2020,14
1423,RED-FAS-007,2/24/2020,10
1424,CAH-OWN-001,2/25/2020,14
1425,GRE-FAS-008,2/25/2020,15
1426,GRE-FAS-008,2/27/2020,14
1427,RED-FAS-007,2/27/2020,15
1428,RED-FAS-007,2/27/2020,15
1429,RED-FAS-007,2/28/2020,14
1430,CAH-OWN-001,2/28/2020,6
1431,MIT-SAL-003,2/28/2020,15
1432,RED-FAS-007,2/29/2020,12
1433,RED-FAS-007,3/1/2020,6
1434,MIT-SAL-003,3/2/2020,7
1435,GRE-FAS-008,3/2/2020,5
1436,GRE-FAS-008,3/2/2020,9
1437,GRE-FAS-008,3/2/2020,15
1438,RED-FAS-007,3/2/2020,10
1439,GRE-FAS-008,3/3/2020,9
1440,RED-FAS-007,3/3/2020,10
1441,RED-FAS-007,3/4/2020,6
1442,RED-FAS-007,3/4/2020,11
1443,GRE-FAS-008,3/4/2020,14
1444,GRE-FAS-008,3/4/2020,14
1445,RED-FAS-007,3/4/2020,13
1446,GRE-FAS-008,3/4/2020,6
1447,RED-FAS-007,3/4/2020,6
1448,GRE-FAS-008,3/4/2020,8
1449,MIT-SAL-003,3/5/2020,10
1450,MIT-SAL-003,3/6/2020,12
1451,UND-SAL-004,3/6/2020,15
1452,RED-FAS-007,3/6/2020,7
1453,RED-FAS-007,3/6/2020,12
1454,CAH-OWN-001,3/6/2020,15
1455,GRE-FAS-008,3/7/2020,9
1456,GRE-FAS-008,3/7/2020,15
1457,RED-FAS-007,3/7/2020,14
1458,RED-FAS-007,3/8/2020,11
1459,RED-FAS-007,3/8/2020,7
1460,CAH-OWN-001,3/8/2020,13
1461,MIT-SAL-003,3/8/2020,5
1462,RED-FAS-007,3/9/2020,7
1463,RED-FAS-007,3/9/2020,10
1464,MIT-SAL-003,3/10/2020,11
1465,GRE-FAS-008,3/10/2020,12
1466,GRE-FAS-008,3/10/2020,14
1467,GRE-FAS-008,3/10/2020,12
1468,RED-FAS-007,3/11/2020,9
1469,GRE-FAS-008,3/11/2020,6
1470,RED-FAS-007,3/11/2020,7
1471,RED-FAS-007,3/11/2020,5
1472,RED-FAS-007,3/11/2020,5
1473,GRE-FAS-008,3/11/2020,14
1474,GRE-FAS-008,3/11/2020,9
1475,RED-FAS-007,3/11/2020,12
1476,GRE-FAS-008,3/12/2020,12
1477,RED-FAS-007,3/12/2020,14
1478,GRE-FAS-008,3/12/2020,12
1479,MIT-SAL-003,3/12/2020,12
1480,MIT-SAL-003,3/13/2020,14
1481,UND-SAL-004,3/14/2020,15
1482,RED-FAS-007,3/14/2020,9
1483,RED-FAS-007,3/14/2020,9
1484,CAH-OWN-001,3/14/2020,5
1485,GRE-FAS-008,3/14/2020,15
1486,GRE-FAS-008,3/15/2020,15
1487,RED-FAS-007,3/15/2020,13
1488,RED-FAS-007,3/15/2020,13
1489,RED-FAS-007,3/15/2020,12
1490,CAH-OWN-001,3/15/2020,13
1491,MIT-SAL-003,3/17/2020,10
1492,RED-FAS-007,3/18/2020,8
1493,RED-FAS-007,3/18/2020,11
1494,MIT-SAL-003,3/19/2020,10
1495,GRE-FAS-008,3/19/2020,15
1496,GRE-FAS-008,3/20/2020,10
1497,GRE-FAS-008,3/20/2020,13
1498,RED-FAS-007,3/20/2020,5
1499,GRE-FAS-008,3/21/2020,6
1500,RED-FAS-007,3/21/2020,8
1501,RED-FAS-007,3/21/2020,15
1502,RED-FAS-007,3/21/2020,6
1503,GRE-FAS-008,3/22/2020,8
1504,GRE-FAS-008,3/22/2020,10
1505,RED-FAS-007,3/22/2020,13
1506,GRE-FAS-008,3/23/2020,15
1507,RED-FAS-007,3/23/2020,8
1508,GRE-FAS-008,3/24/2020,10
1509,MIT-SAL-003,3/24/2020,10
1510,MIT-SAL-003,3/25/2020,11
1511,UND-SAL-004,3/25/2020,8
1512,RED-FAS-007,3/25/2020,13
1513,RED-FAS-007,3/25/2020,12
1514,CAH-OWN-001,3/25/2020,9
1515,GRE-FAS-008,3/27/2020,9
1516,GRE-FAS-008,3/27/2020,6
1517,RED-FAS-007,3/27/2020,9
1518,RED-FAS-007,3/28/2020,5
1519,RED-FAS-007,3/28/2020,10
1520,CAH-OWN-001,3/29/2020,10
1521,MIT-SAL-003,3/29/2020,13
1522,RED-FAS-007,3/30/2020,6
1523,RED-FAS-007,3/30/2020,10
1524,MIT-SAL-003,3/31/2020,13
1525,GRE-FAS-008,3/31/2020,14
1526,GRE-FAS-008,3/31/2020,11
1527,GRE-FAS-008,3/31/2020,14
1528,RED-FAS-007,3/31/2020,8
1529,GRE-FAS-008,3/31/2020,6
1530,RED-FAS-007,4/1/2020,12
1531,RED-FAS-007,4/1/2020,7
1532,RED-FAS-007,4/1/2020,7
1533,GRE-FAS-008,4/1/2020,11
1534,GRE-FAS-008,4/1/2020,5
1535,RED-FAS-007,4/1/2020,10
1536,GRE-FAS-008,4/2/2020,15
1537,RED-FAS-007,4/2/2020,11
1538,GRE-FAS-008,4/3/2020,5
1539,MIT-SAL-003,4/3/2020,14
1540,MIT-SAL-003,4/3/2020,7
1541,UND-SAL-004,4/3/2020,7
1542,RED-FAS-007,4/3/2020,5
1543,RED-FAS-007,4/4/2020,8
1544,CAH-OWN-001,4/4/2020,6
1545,GRE-FAS-008,4/4/2020,10
1546,GRE-FAS-008,4/4/2020,7
1547,RED-FAS-007,4/4/2020,5
1548,RED-FAS-007,4/5/2020,6
1549,RED-FAS-007,4/5/2020,6
1550,CAH-OWN-001,4/6/2020,9
1551,MIT-SAL-003,4/6/2020,13
1552,RED-FAS-007,4/6/2020,11
1553,RED-FAS-007,4/7/2020,9
1554,MIT-SAL-003,4/7/2020,12
1555,GRE-FAS-008,4/8/2020,6
1556,GRE-FAS-008,4/8/2020,11
1557,GRE-FAS-008,4/8/2020,7
1558,RED-FAS-007,4/8/2020,15
1559,GRE-FAS-008,4/9/2020,12
1560,RED-FAS-007,4/11/2020,11
1561,RED-FAS-007,4/11/2020,8
1562,RED-FAS-007,4/11/2020,15
1563,GRE-FAS-008,4/11/2020,15
1564,GRE-FAS-008,4/11/2020,14
1565,RED-FAS-007,4/11/2020,8
1566,GRE-FAS-008,4/12/2020,11
1567,RED-FAS-007,4/12/2020,8
1568,GRE-FAS-008,4/12/2020,11
1569,MIT-SAL-003,4/12/2020,10
1570,MIT-SAL-003,4/12/2020,13
1571,UND-SAL-004,4/13/2020,8
1572,RED-FAS-007,4/13/2020,6
1573,RED-FAS-007,4/13/2020,6
1574,CAH-OWN-001,4/13/2020,13
1575,GRE-FAS-008,4/13/2020,14
1576,GRE-FAS-008,4/14/2020,5
1577,RED-FAS-007,4/14/2020,6
1578,RED-FAS-007,4/15/2020,5
1579,RED-FAS-007,4/16/2020,7
1580,CAH-OWN-001,4/16/2020,9
1581,MIT-SAL-003,4/16/2020,14
1582,RED-FAS-007,4/16/2020,7
1583,RED-FAS-007,4/16/2020,13
1584,MIT-SAL-003,4/16/2020,15
1585,GRE-FAS-008,4/16/2020,5
1586,GRE-FAS-008,4/16/2020,13
1587,GRE-FAS-008,4/16/2020,8
1588,RED-FAS-007,4/17/2020,8
1589,GRE-FAS-008,4/17/2020,14
1590,RED-FAS-007,4/17/2020,6
1591,RED-FAS-007,4/17/2020,13
1592,RED-FAS-007,4/17/2020,11
1593,GRE-FAS-008,4/17/2020,13
1594,GRE-FAS-008,4/18/2020,9
1595,RED-FAS-007,4/18/2020,9
1596,GRE-FAS-008,4/19/2020,9
1597,RED-FAS-007,4/20/2020,14
1598,GRE-FAS-008,4/20/2020,13
1599,MIT-SAL-003,4/20/2020,10
1600,MIT-SAL-003,4/20/2020,14
1601,UND-SAL-004,4/20/2020,15
1602,RED-FAS-007,4/20/2020,11
1603,RED-FAS-007,4/21/2020,12
1604,CAH-OWN-001,4/21/2020,14
1605,GRE-FAS-008,4/21/2020,10
1606,GRE-FAS-008,4/22/2020,12
1607,RED-FAS-007,4/22/2020,7
1608,RED-FAS-007,4/22/2020,12
1609,RED-FAS-007,4/23/2020,8
1610,CAH-OWN-001,4/23/2020,10
1611,MIT-SAL-003,4/23/2020,11
1612,RED-FAS-007,4/24/2020,10
1613,RED-FAS-007,4/24/2020,14
1614,MIT-SAL-003,4/24/2020,13
1615,GRE-FAS-008,4/25/2020,10
1616,GRE-FAS-008,4/25/2020,13
1617,GRE-FAS-008,4/25/2020,10
1618,RED-FAS-007,4/26/2020,15
1619,GRE-FAS-008,4/26/2020,11
1620,RED-FAS-007,4/26/2020,11
1621,RED-FAS-007,4/26/2020,6
1622,RED-FAS-007,4/28/2020,5
1623,GRE-FAS-008,4/29/2020,7
1624,GRE-FAS-008,4/29/2020,8
1625,RED-FAS-007,4/29/2020,7
1626,GRE-FAS-008,4/29/2020,15
1627,RED-FAS-007,4/29/2020,11
1628,GRE-FAS-008,4/30/2020,11
1629,MIT-SAL-003,4/30/2020,7
1630,MIT-SAL-003,4/30/2020,7
1631,UND-SAL-004,4/30/2020,12
1632,RED-FAS-007,4/30/2020,5
1633,RED-FAS-007,5/1/2020,10
1634,CAH-OWN-001,5/1/2020,6
1635,GRE-FAS-008,5/1/2020,15
1636,GRE-FAS-008,5/1/2020,10
1637,RED-FAS-007,5/1/2020,11
1638,RED-FAS-007,5/1/2020,5
1639,RED-FAS-007,5/3/2020,8
1640,CAH-OWN-001,5/3/2020,10
1641,MIT-SAL-003,5/3/2020,7
1642,RED-FAS-007,5/3/2020,6
1643,RED-FAS-007,5/4/2020,7
1644,MIT-SAL-003,5/4/2020,11
1645,GRE-FAS-008,5/4/2020,12
1646,GRE-FAS-008,5/5/2020,7
1647,GRE-FAS-008,5/5/2020,10
1648,RED-FAS-007,5/5/2020,15
1649,GRE-FAS-008,5/6/2020,15
1650,RED-FAS-007,5/6/2020,11
1651,RED-FAS-007,5/6/2020,8
1652,RED-FAS-007,5/6/2020,9
1653,GRE-FAS-008,5/6/2020,8
1654,GRE-FAS-008,5/7/2020,9
1655,RED-FAS-007,5/7/2020,6
1656,GRE-FAS-008,5/7/2020,13
1657,RED-FAS-007,5/8/2020,10
1658,GRE-FAS-008,5/8/2020,12
1659,MIT-SAL-003,5/8/2020,14
1660,MIT-SAL-003,5/8/2020,15
1661,UND-SAL-004,5/8/2020,14
1662,RED-FAS-007,5/9/2020,13
1663,RED-FAS-007,5/9/2020,8
1664,CAH-OWN-001,5/9/2020,12
1665,GRE-FAS-008,5/9/2020,9
1666,GRE-FAS-008,5/9/2020,7
1667,RED-FAS-007,5/10/2020,6
1668,RED-FAS-007,5/10/2020,14
1669,RED-FAS-007,5/10/2020,12
1670,CAH-OWN-001,5/10/2020,10
1671,MIT-SAL-003,5/10/2020,11
1672,RED-FAS-007,5/10/2020,7
1673,RED-FAS-007,5/11/2020,8
1674,MIT-SAL-003,5/12/2020,10
1675,GRE-FAS-008,5/12/2020,5
1676,GRE-FAS-008,5/12/2020,8
1677,GRE-FAS-008,5/12/2020,14
1678,RED-FAS-007,5/12/2020,10
1679,GRE-FAS-008,5/12/2020,7
1680,RED-FAS-007,5/13/2020,14
1681,RED-FAS-007,5/13/2020,5
1682,RED-FAS-007,5/13/2020,10
1683,GRE-FAS-008,5/14/2020,7
1684,GRE-FAS-008,5/14/2020,13
1685,RED-FAS-007,5/14/2020,12
1686,GRE-FAS-008,5/15/2020,9
1687,RED-FAS-007,5/15/2020,7
1688,GRE-FAS-008,5/15/2020,15
1689,MIT-SAL-003,5/16/2020,13
1690,MIT-SAL-003,5/17/2020,11
1691,UND-SAL-004,5/17/2020,12
1692,RED-FAS-007,5/18/2020,6
1693,RED-FAS-007,5/18/2020,12
1694,CAH-OWN-001,5/18/2020,14
1695,GRE-FAS-008,5/18/2020,13
1696,GRE-FAS-008,5/19/2020,7
1697,RED-FAS-007,5/20/2020,5
1698,RED-FAS-007,5/20/2020,15
1699,RED-FAS-007,5/20/2020,12
1700,CAH-OWN-001,5/20/2020,6
1701,MIT-SAL-003,5/21/2020,5
1702,RED-FAS-007,5/21/2020,7
1703,RED-FAS-007,5/21/2020,10
1704,MIT-SAL-003,5/22/2020,15
1705,GRE-FAS-008,5/22/2020,6
1706,GRE-FAS-008,5/22/2020,14
1707,GRE-FAS-008,5/23/2020,13
1708,RED-FAS-007,5/23/2020,7
1709,GRE-FAS-008,5/23/2020,13
1710,RED-FAS-007,5/24/2020,12
1711,RED-FAS-007,5/24/2020,12
1712,RED-FAS-007,5/24/2020,5
1713,GRE-FAS-008,5/24/2020,8
1714,GRE-FAS-008,5/25/2020,12
1715,RED-FAS-007,5/25/2020,13
1716,GRE-FAS-008,5/25/2020,9
1717,RED-FAS-007,5/25/2020,15
1718,GRE-FAS-008,5/27/2020,10
1719,MIT-SAL-003,5/27/2020,12
1720,MIT-SAL-003,5/27/2020,6
1721,UND-SAL-004,5/27/2020,11
1722,RED-FAS-007,5/27/2020,10
1723,RED-FAS-007,5/28/2020,8
1724,CAH-OWN-001,5/28/2020,6
1725,GRE-FAS-008,5/29/2020,8
1726,GRE-FAS-008,5/29/2020,5
1727,RED-FAS-007,5/29/2020,9
1728,RED-FAS-007,5/29/2020,5
1729,RED-FAS-007,5/29/2020,10
1730,CAH-OWN-001,5/29/2020,11
1731,MIT-SAL-003,5/29/2020,13
1732,RED-FAS-007,5/30/2020,5
1733,RED-FAS-007,5/30/2020,8
1734,MIT-SAL-003,5/30/2020,11
1735,GRE-FAS-008,5/31/2020,7
1736,GRE-FAS-008,5/31/2020,14
1737,GRE-FAS-008,6/1/2020,6
1738,RED-FAS-007,6/1/2020,10
1739,GRE-FAS-008,6/1/2020,8
1740,RED-FAS-007,6/1/2020,7
1741,RED-FAS-007,6/1/2020,6
1742,RED-FAS-007,6/1/2020,10
1743,GRE-FAS-008,6/1/2020,10
1744,GRE-FAS-008,6/2/2020,7
1745,RED-FAS-007,6/2/2020,10
1746,GRE-FAS-008,6/2/2020,10
1747,RED-FAS-007,6/2/2020,11
1748,GRE-FAS-008,6/3/2020,12
1749,MIT-SAL-003,6/3/2020,15
1750,MIT-SAL-003,6/3/2020,6
1751,UND-SAL-004,6/3/2020,5
1752,RED-FAS-007,6/3/2020,7
1753,RED-FAS-007,6/3/2020,6
1754,CAH-OWN-001,6/3/2020,5
1755,GRE-FAS-008,6/3/2020,10
1756,GRE-FAS-008,6/3/2020,9
1757,RED-FAS-007,6/4/2020,6
1758,RED-FAS-007,6/4/2020,9
1759,RED-FAS-007,6/4/2020,13
1760,CAH-OWN-001,6/5/2020,5
1761,MIT-SAL-003,6/5/2020,11
1762,RED-FAS-007,6/6/2020,10
1763,RED-FAS-007,6/6/2020,10
1764,MIT-SAL-003,6/6/2020,5
1765,GRE-FAS-008,6/6/2020,14
1766,GRE-FAS-008,6/6/2020,10
1767,GRE-FAS-008,6/7/2020,14
1768,RED-FAS-007,6/7/2020,5
1769,GRE-FAS-008,6/7/2020,13
1770,RED-FAS-007,6/7/2020,6
1771,RED-FAS-007,6/8/2020,7
1772,RED-FAS-007,6/8/2020,14
1773,GRE-FAS-008,6/8/2020,14
1774,GRE-FAS-008,6/8/2020,7
1775,RED-FAS-007,6/8/2020,10
1776,GRE-FAS-008,6/9/2020,6
1777,RED-FAS-007,6/9/2020,13
1778,GRE-FAS-008,6/10/2020,11
1779,MIT-SAL-003,6/10/2020,6
1780,MIT-SAL-003,6/10/2020,6
1781,UND-SAL-004,6/10/2020,10
1782,RED-FAS-007,6/11/2020,8
1783,RED-FAS-007,6/11/2020,13
1784,CAH-OWN-001,6/11/2020,7
1785,GRE-FAS-008,6/11/2020,7
1786,GRE-FAS-008,6/12/2020,6
1787,RED-FAS-007,6/12/2020,12
1788,RED-FAS-007,6/13/2020,9
1789,RED-FAS-007,6/14/2020,15
1790,CAH-OWN-001,6/14/2020,10
1791,MIT-SAL-003,6/14/2020,6
1792,RED-FAS-007,6/14/2020,9
1793,RED-FAS-007,6/14/2020,6
1794,MIT-SAL-003,6/14/2020,13
1795,GRE-FAS-008,6/15/2020,8
1796,GRE-FAS-008,6/16/2020,8
1797,GRE-FAS-008,6/16/2020,8
1798,RED-FAS-007,6/16/2020,8
1799,GRE-FAS-008,6/16/2020,10
1800,RED-FAS-007,6/16/2020,15
1801,RED-FAS-007,6/16/2020,10
1802,RED-FAS-007,6/18/2020,11
1803,GRE-FAS-008,6/18/2020,7
1804,GRE-FAS-008,6/18/2020,11
1805,RED-FAS-007,6/19/2020,12
1806,GRE-FAS-008,6/20/2020,8
1807,RED-FAS-007,6/21/2020,8
1808,GRE-FAS-008,6/22/2020,13
1809,MIT-SAL-003,6/22/2020,5
1810,MIT-SAL-003,6/22/2020,12
1811,UND-SAL-004,6/22/2020,6
1812,RED-FAS-007,6/22/2020,8
1813,RED-FAS-007,6/22/2020,14
1814,CAH-OWN-001,6/23/2020,9
1815,GRE-FAS-008,6/23/2020,12
1816,GRE-FAS-008,6/23/2020,12
1817,RED-FAS-007,6/24/2020,12
1818,RED-FAS-007,6/24/2020,15
1819,RED-FAS-007,6/24/2020,10
1820,CAH-OWN-001,6/24/2020,14
1821,MIT-SAL-003,6/25/2020,11
1822,RED-FAS-007,6/25/2020,9
1823,RED-FAS-007,6/26/2020,11
1824,MIT-SAL-003,6/26/2020,5
1825,GRE-FAS-008,6/26/2020,5
1826,GRE-FAS-008,6/27/2020,14
1827,GRE-FAS-008,6/27/2020,5
1828,RED-FAS-007,6/28/2020,12
1829,GRE-FAS-008,6/28/2020,12
1830,RED-FAS-007,6/28/2020,10
1831,RED-FAS-007,6/29/2020,13
1832,RED-FAS-007,6/29/2020,8
1833,GRE-FAS-008,6/30/2020,9
1834,GRE-FAS-008,6/30/2020,13
1835,RED-FAS-007,6/30/2020,10
1836,GRE-FAS-008,6/30/2020,11
1837,RED-FAS-007,7/1/2020,7
1838,GRE-FAS-008,7/1/2020,5
1839,MIT-SAL-003,7/1/2020,11
1840,MIT-SAL-003,7/2/2020,5
1841,UND-SAL-004,7/2/2020,6
1842,RED-FAS-007,7/2/2020,6
1843,RED-FAS-007,7/3/2020,7
1844,CAH-OWN-001,7/3/2020,6
1845,GRE-FAS-008,7/3/2020,5
1846,GRE-FAS-008,7/3/2020,14
1847,RED-FAS-007,7/4/2020,6
1848,RED-FAS-007,7/4/2020,7
1849,RED-FAS-007,7/4/2020,11
1850,CAH-OWN-001,7/5/2020,13
1851,MIT-SAL-003,7/6/2020,7
1852,RED-FAS-007,7/6/2020,15
1853,RED-FAS-007,7/6/2020,9
1854,MIT-SAL-003,7/6/2020,5
1855,GRE-FAS-008,7/7/2020,12
1856,GRE-FAS-008,7/8/2020,12
1857,GRE-FAS-008,7/8/2020,11
1858,RED-FAS-007,7/8/2020,14
1859,GRE-FAS-008,7/9/2020,12
1860,RED-FAS-007,7/9/2020,7
1861,RED-FAS-007,7/9/2020,14
1862,RED-FAS-007,7/9/2020,9
1863,GRE-FAS-008,7/9/2020,12
1864,GRE-FAS-008,7/10/2020,7
1865,RED-FAS-007,7/10/2020,9
1866,GRE-FAS-008,7/11/2020,12
1867,RED-FAS-007,7/11/2020,12
1868,GRE-FAS-008,7/12/2020,15
1869,MIT-SAL-003,7/12/2020,13
1870,MIT-SAL-003,7/13/2020,12
1871,UND-SAL-004,7/14/2020,15
1872,RED-FAS-007,7/14/2020,7
1873,RED-FAS-007,7/14/2020,10
1874,CAH-OWN-001,7/15/2020,13
1875,GRE-FAS-008,7/15/2020,5
1876,GRE-FAS-008,7/15/2020,9
1877,RED-FAS-007,7/15/2020,8
1878,RED-FAS-007,7/16/2020,7
1879,RED-FAS-007,7/16/2020,9
1880,CAH-OWN-001,7/16/2020,5
1881,MIT-SAL-003,7/18/2020,8
1882,RED-FAS-007,7/19/2020,15
1883,RED-FAS-007,7/19/2020,12
1884,MIT-SAL-003,7/20/2020,10
1885,GRE-FAS-008,7/20/2020,14
1886,GRE-FAS-008,7/20/2020,14
1887,GRE-FAS-008,7/20/2020,11
1888,RED-FAS-007,7/21/2020,5
1889,GRE-FAS-008,7/22/2020,7
1890,RED-FAS-007,7/22/2020,5
1891,RED-FAS-007,7/22/2020,8
1892,RED-FAS-007,7/23/2020,7
1893,GRE-FAS-008,7/23/2020,8
1894,GRE-FAS-008,7/23/2020,8
1895,RED-FAS-007,7/23/2020,13
1896,GRE-FAS-008,7/23/2020,14
1897,RED-FAS-007,7/23/2020,5
1898,GRE-FAS-008,7/24/2020,13
1899,MIT-SAL-003,7/24/2020,14
1900,MIT-SAL-003,7/24/2020,5
1901,UND-SAL-004,7/24/2020,10
1902,RED-FAS-007,7/24/2020,8
1903,RED-FAS-007,7/24/2020,15
1904,CAH-OWN-001,7/26/2020,12
1905,GRE-FAS-008,7/26/2020,10
1906,GRE-FAS-008,7/26/2020,15
1907,RED-FAS-007,7/27/2020,10
1908,RED-FAS-007,7/27/2020,8
1909,RED-FAS-007,7/28/2020,13
1910,CAH-OWN-001,7/28/2020,11
1911,MIT-SAL-003,7/28/2020,15
1912,RED-FAS-007,7/28/2020,15
1913,RED-FAS-007,7/29/2020,13
1914,MIT-SAL-003,7/29/2020,10
1915,GRE-FAS-008,7/30/2020,7
1916,GRE-FAS-008,7/30/2020,11
1917,GRE-FAS-008,7/31/2020,11
1918,RED-FAS-007,7/31/2020,14
1919,GRE-FAS-008,8/1/2020,9
1920,RED-FAS-007,8/1/2020,7
1921,RED-FAS-007,8/1/2020,8
1922,RED-FAS-007,8/1/2020,14
1923,GRE-FAS-008,8/2/2020,14
1924,GRE-FAS-008,8/2/2020,8
1925,RED-FAS-007,8/2/2020,10
1926,GRE-FAS-008,8/3/2020,11
1927,RED-FAS-007,8/3/2020,7
1928,GRE-FAS-008,8/3/2020,10
1929,MIT-SAL-003,8/3/2020,6
1930,MIT-SAL-003,8/4/2020,10
1931,UND-SAL-004,8/4/2020,12
1932,RED-FAS-007,8/4/2020,15
1933,RED-FAS-007,8/4/2020,11
1934,CAH-OWN-001,8/4/2020,13
1935,GRE-FAS-008,8/4/2020,7
1936,GRE-FAS-008,8/4/2020,13
1937,RED-FAS-007,8/4/2020,6
1938,RED-FAS-007,8/5/2020,10
1939,RED-FAS-007,8/5/2020,7
1940,CAH-OWN-001,8/6/2020,8
1941,MIT-SAL-003,8/6/2020,7
1942,RED-FAS-007,8/6/2020,11
1943,RED-FAS-007,8/7/2020,7
1944,MIT-SAL-003,8/7/2020,6
1945,GRE-FAS-008,8/7/2020,6
1946,GRE-FAS-008,8/7/2020,9
1947,GRE-FAS-008,8/8/2020,6
1948,RED-FAS-007,8/8/2020,7
1949,GRE-FAS-008,8/8/2020,5
1950,RED-FAS-007,8/8/2020,14
1951,RED-FAS-007,8/8/2020,14
1952,RED-FAS-007,8/8/2020,5
1953,GRE-FAS-008,8/9/2020,13
1954,GRE-FAS-008,8/9/2020,10
1955,RED-FAS-007,8/9/2020,10
1956,GRE-FAS-008,8/10/2020,14
1957,RED-FAS-007,8/10/2020,12
1958,GRE-FAS-008,8/10/2020,15
1959,MIT-SAL-003,8/10/2020,15
1960,MIT-SAL-003,8/10/2020,12
1961,UND-SAL-004,8/10/2020,12
1962,RED-FAS-007,8/10/2020,10
1963,RED-FAS-007,8/11/2020,14
1964,CAH-OWN-001,8/11/2020,5
1965,GRE-FAS-008,8/11/2020,6
1966,GRE-FAS-008,8/12/2020,8
1967,RED-FAS-007,8/12/2020,5
1968,RED-FAS-007,8/13/2020,7
1969,RED-FAS-007,8/14/2020,14
1970,CAH-OWN-001,8/15/2020,15
1971,MIT-SAL-003,8/15/2020,14
1972,RED-FAS-007,8/15/2020,5
1973,RED-FAS-007,8/15/2020,15
1974,MIT-SAL-003,8/16/2020,10
1975,GRE-FAS-008,8/16/2020,10
1976,GRE-FAS-008,8/16/2020,13
1977,GRE-FAS-008,8/17/2020,9
1978,RED-FAS-007,8/17/2020,14
1979,GRE-FAS-008,8/18/2020,6
1980,RED-FAS-007,8/18/2020,12
1981,RED-FAS-007,8/19/2020,6
1982,RED-FAS-007,8/19/2020,6
1983,GRE-FAS-008,8/20/2020,7
1984,GRE-FAS-008,8/20/2020,7
1985,RED-FAS-007,8/20/2020,8
1986,GRE-FAS-008,8/20/2020,12
1987,RED-FAS-007,8/21/2020,12
1988,GRE-FAS-008,8/21/2020,5
1989,MIT-SAL-003,8/21/2020,6
1990,MIT-SAL-003,8/21/2020,8
1991,UND-SAL-004,8/21/2020,10
1992,RED-FAS-007,8/21/2020,14
1993,RED-FAS-007,8/21/2020,11
1994,CAH-OWN-001,8/22/2020,7
1995,GRE-FAS-008,8/22/2020,6
1996,GRE-FAS-008,8/24/2020,10
1997,RED-FAS-007,8/24/2020,11
1998,RED-FAS-007,8/24/2020,12
1999,RED-FAS-007,8/25/2020,7
2000,CAH-OWN-001,8/25/2020,10
2001,MIT-SAL-003,8/25/2020,5
2002,RED-FAS-007,8/25/2020,13
2003,RED-FAS-007,8/25/2020,5
2004,MIT-SAL-003,8/25/2020,6
2005,GRE-FAS-008,8/25/2020,6
2006,GRE-FAS-008,8/26/2020,9
2007,GRE-FAS-008,8/26/2020,15
2008,RED-FAS-007,8/26/2020,13
2009,GRE-FAS-008,8/26/2020,14
2010,RED-FAS-007,8/26/2020,14
2011,RED-FAS-007,8/27/2020,13
2012,RED-FAS-007,8/28/2020,11
2013,GRE-FAS-008,8/28/2020,15
2014,GRE-FAS-008,8/30/2020,10
2015,RED-FAS-007,8/30/2020,7
2016,GRE-FAS-008,8/30/2020,8
2017,RED-FAS-007,8/30/2020,9
2018,GRE-FAS-008,8/31/2020,9
2019,MIT-SAL-003,8/31/2020,7
2020,MIT-SAL-003,9/1/2020,7
2021,UND-SAL-004,9/1/2020,8
2022,RED-FAS-007,9/1/2020,11
2023,RED-FAS-007,9/1/2020,6
2024,CAH-OWN-001,9/1/2020,10
2025,GRE-FAS-008,9/1/2020,8
2026,GRE-FAS-008,9/2/2020,15
2027,RED-FAS-007,9/2/2020,15
2028,RED-FAS-007,9/2/2020,8
2029,RED-FAS-007,9/3/2020,13
2030,CAH-OWN-001,9/3/2020,9
2031,MIT-SAL-003,9/3/2020,12
2032,RED-FAS-007,9/3/2020,12
2033,RED-FAS-007,9/3/2020,11
2034,MIT-SAL-003,9/4/2020,11
2035,GRE-FAS-008,9/5/2020,10
2036,GRE-FAS-008,9/5/2020,13
2037,GRE-FAS-008,9/5/2020,14
2038,RED-FAS-007,9/5/2020,11
2039,GRE-FAS-008,9/6/2020,15
2040,RED-FAS-007,9/6/2020,14
2041,RED-FAS-007,9/6/2020,7
2042,RED-FAS-007,9/7/2020,10
2043,GRE-FAS-008,9/7/2020,12
2044,GRE-FAS-008,9/7/2020,13
2045,RED-FAS-007,9/8/2020,6
2046,GRE-FAS-008,9/8/2020,5
2047,RED-FAS-007,9/8/2020,10
2048,GRE-FAS-008,9/9/2020,9
2049,MIT-SAL-003,9/9/2020,11
2050,MIT-SAL-003,9/9/2020,7
2051,UND-SAL-004,9/9/2020,12
2052,RED-FAS-007,9/9/2020,6
2053,RED-FAS-007,9/9/2020,15
2054,CAH-OWN-001,9/10/2020,14
2055,GRE-FAS-008,9/10/2020,8
2056,GRE-FAS-008,9/12/2020,12
2057,RED-FAS-007,9/12/2020,10
2058,RED-FAS-007,9/12/2020,5
2059,RED-FAS-007,9/12/2020,8
2060,CAH-OWN-001,9/13/2020,14
2061,MIT-SAL-003,9/13/2020,6
2062,RED-FAS-007,9/13/2020,6
2063,RED-FAS-007,9/14/2020,8
2064,MIT-SAL-003,9/14/2020,12
2065,GRE-FAS-008,9/14/2020,7
2066,GRE-FAS-008,9/15/2020,10
2067,GRE-FAS-008,9/15/2020,11
2068,RED-FAS-007,9/15/2020,15
2069,GRE-FAS-008,9/15/2020,7
2070,RED-FAS-007,9/15/2020,14
2071,RED-FAS-007,9/16/2020,6
2072,RED-FAS-007,9/16/2020,8
2073,GRE-FAS-008,9/16/2020,10
2074,GRE-FAS-008,9/16/2020,14
2075,RED-FAS-007,9/17/2020,5
2076,GRE-FAS-008,9/17/2020,13
2077,RED-FAS-007,9/18/2020,7
2078,GRE-FAS-008,9/18/2020,12
2079,MIT-SAL-003,9/18/2020,12
2080,MIT-SAL-003,9/19/2020,13
2081,UND-SAL-004,9/19/2020,13
2082,RED-FAS-007,9/19/2020,5
2083,RED-FAS-007,9/19/2020,12
2084,CAH-OWN-001,9/19/2020,13
2085,GRE-FAS-008,9/19/2020,5
2086,GRE-FAS-008,9/20/2020,9
2087,RED-FAS-007,9/20/2020,13
2088,RED-FAS-007,9/20/2020,5
2089,RED-FAS-007,9/21/2020,11
2090,CAH-OWN-001,9/21/2020,5
2091,MIT-SAL-003,9/21/2020,13
2092,RED-FAS-007,9/22/2020,12
2093,RED-FAS-007,9/22/2020,11
2094,MIT-SAL-003,9/22/2020,10
2095,GRE-FAS-008,9/23/2020,7
2096,GRE-FAS-008,9/23/2020,7
2097,GRE-FAS-008,9/24/2020,6
2098,RED-FAS-007,9/25/2020,14
2099,GRE-FAS-008,9/26/2020,7
2100,RED-FAS-007,9/26/2020,7
2101,RED-FAS-007,9/27/2020,15
2102,RED-FAS-007,9/27/2020,14
2103,GRE-FAS-008,9/27/2020,11
2104,GRE-FAS-008,9/27/2020,6
2105,RED-FAS-007,9/27/2020,7
2106,GRE-FAS-008,9/27/2020,8
2107,RED-FAS-007,9/28/2020,10
2108,GRE-FAS-008,9/28/2020,9
2109,MIT-SAL-003,9/28/2020,13
2110,MIT-SAL-003,9/28/2020,14
2111,UND-SAL-004,9/29/2020,10
2112,RED-FAS-007,9/29/2020,15
2113,RED-FAS-007,9/29/2020,15
2114,CAH-OWN-001,9/29/2020,13
2115,GRE-FAS-008,9/29/2020,5
2116,GRE-FAS-008,9/30/2020,12
2117,RED-FAS-007,10/1/2020,7
2118,RED-FAS-007,10/1/2020,10
2119,RED-FAS-007,10/1/2020,13
2120,CAH-OWN-001,10/1/2020,9
2121,MIT-SAL-003,10/1/2020,8
