OrderID,Clothing_Barcode,Discount
1,1,0.05
2,5,0
3,2,0
4,4,0
5,12,0.05
5,11,0.1
6,20,0
7,15,0
8,3,0
9,21,0
10,22,0.15
10,23,0
11,24,0
12,28,0.05
13,14,0.1
14,16,0.05
15,19,0
16,7,0
17,8,0
17,9,0
18,10,0
19,17,0
20,18,0
21,31,0.05
22,35,0
23,32,0
24,34,0
25,42,0.05
25,41,0.1
26,50,0
27,45,0
28,33,0
29,51,0
30,52,0.15
30,53,0
31,54,0
32,58,0.05
33,44,0.1
34,46,0.05
35,49,0
36,37,0
37,38,0
37,39,0
38,40,0
39,47,0
40,48,0
41,61,0.05
42,65,0
43,62,0
44,64,0
45,72,0.05
46,71,0.1
47,80,0
48,75,0
49,63,0
50,81,0
51,82,0.15
52,83,0
53,84,0
54,88,0.05
55,74,0.1
56,76,0.05
57,79,0
58,67,0
59,68,0
60,69,0
61,70,0
62,77,0
63,78,0
64,91,0.05
65,95,0
66,92,0
67,94,0
68,102,0.05
69,101,0.1
70,110,0
71,105,0
72,93,0
73,111,0
74,112,0.15
75,113,0
76,114,0
77,118,0.05
78,104,0.1
79,106,0.05
80,109,0
81,122,0.05
82,123,0
83,124,0
84,125,0
85,126,0.05
85,127,0.1
86,128,0
87,129,0
88,130,0
89,131,0
90,132,0.15
90,133,0
91,134,0
92,135,0.05
93,136,0.1
94,137,0.05
95,138,0
96,139,0
97,140,0
97,141,0
98,142,0
99,143,0
100,144,0
101,145,0.05
102,146,0
103,147,0
104,148,0
105,149,0.05
105,150,0.1
106,151,0
107,152,0
108,153,0
109,154,0
110,155,0.15
110,156,0
111,157,0
112,158,0.05
113,159,0.1
114,160,0.05
115,161,0
116,162,0
117,163,0
117,164,0
118,165,0
119,166,0
120,167,0
121,168,0.05
122,169,0
123,170,0
124,171,0
125,172,0.05
126,173,0.1
127,174,0
128,175,0
129,176,0
130,177,0
131,178,0.15
132,179,0
133,180,0
134,181,0.05
135,182,0.1
136,183,0.05
137,184,0
138,185,0
139,186,0
140,187,0
141,188,0
142,189,0
143,190,0
144,191,0.05
145,192,0
146,193,0
147,194,0
148,195,0.05
149,196,0.1
150,197,0
151,198,0
152,199,0
153,200,0
154,201,0.15
155,202,0
156,203,0
157,204,0.05
158,205,0.1
159,206,0.05
160,207,0
161,208,0.05
162,209,0
163,210,0
164,211,0
165,212,0.05
165,213,0.1
166,214,0
167,215,0
168,216,0
169,217,0
170,218,0.15
170,219,0
171,220,0
172,221,0.05
173,222,0.1
174,223,0.05
175,224,0
176,225,0
177,226,0
177,227,0
178,228,0
179,229,0
180,230,0
181,231,0.05
182,232,0
183,233,0
184,234,0
185,235,0.05
185,236,0.1
186,237,0
187,238,0
188,239,0
189,240,0
190,241,0.15
190,242,0
191,243,0
192,244,0.05
193,245,0.1
194,246,0.05
195,247,0
196,248,0
197,249,0
197,250,0
198,251,0
199,252,0
200,253,0
201,254,0.05
202,255,0
203,256,0
204,257,0
205,258,0.05
206,259,0.1
207,260,0
208,261,0
209,262,0
210,263,0
211,264,0.15
212,265,0
213,266,0
214,267,0.05
215,268,0.1
216,269,0.05
217,270,0
218,271,0
219,272,0
220,273,0
221,274,0
222,275,0
223,276,0
224,277,0.05
225,278,0
226,279,0
227,280,0
228,281,0.05
229,282,0.1
230,283,0
231,284,0
232,285,0
233,286,0
234,287,0.15
235,288,0
236,289,0
237,290,0.05
238,291,0.1
239,292,0.05
240,293,0
241,294,0.05
242,295,0
243,296,0
244,297,0
245,298,0.05
245,299,0.1
246,300,0
247,301,0
248,302,0
249,303,0
250,304,0.15
250,305,0
251,306,0
252,307,0.05
253,308,0.1
254,309,0.05
255,310,0
256,311,0
257,312,0
257,313,0
258,314,0
259,315,0
260,316,0
261,317,0.05
262,318,0
263,319,0
264,320,0
265,321,0.05
265,322,0.1
266,323,0
267,324,0
268,325,0
269,326,0
270,327,0.15
270,328,0
271,329,0
272,330,0.05
273,331,0.1
274,332,0.05
275,333,0
276,334,0
277,335,0
277,336,0
278,337,0
279,338,0
280,339,0
281,340,0.05
282,341,0
283,342,0
284,343,0
285,344,0.05
286,345,0.1
287,346,0
288,347,0
289,348,0
290,349,0
291,350,0.15
292,351,0
293,352,0
294,353,0.05
295,354,0.1
296,355,0.05
297,356,0
298,357,0
299,358,0
300,359,0
301,360,0
302,361,0
303,362,0
304,363,0.05
305,364,0
306,365,0
307,366,0
308,367,0.05
309,368,0.1
310,369,0
311,370,0
312,371,0
313,372,0
314,373,0.15
315,374,0
316,375,0
317,376,0.05
318,377,0.1
319,378,0.05
320,379,0
321,380,0.05
322,381,0
323,382,0
324,383,0
325,384,0.05
325,385,0.1
326,386,0
327,387,0
328,388,0
329,389,0
330,390,0.15
330,391,0
331,392,0
332,393,0.05
333,394,0.1
334,395,0.05
335,396,0
336,397,0
337,398,0
337,399,0
338,400,0
339,401,0
340,402,0
341,403,0.05
342,404,0
343,405,0
344,406,0
345,407,0.05
345,408,0.1
346,409,0
347,410,0
348,411,0
349,412,0
350,413,0.15
350,414,0
351,415,0
352,416,0.05
353,417,0.1
354,418,0.05
355,419,0
356,420,0
357,421,0
357,422,0
358,423,0
359,424,0
360,425,0
361,426,0.05
362,427,0
363,428,0
364,429,0
365,430,0.05
366,431,0.1
367,432,0
368,433,0
369,434,0
370,435,0
371,436,0.15
372,437,0
373,438,0
374,439,0.05
375,440,0.1
376,441,0.05
377,442,0
378,443,0
379,444,0
380,445,0
381,446,0
382,447,0
383,448,0
384,449,0.05
385,450,0
386,451,0
387,452,0
388,453,0.05
389,454,0.1
390,455,0
391,456,0
392,457,0
393,458,0
394,459,0.15
395,460,0
396,461,0
397,462,0.05
398,463,0.1
399,464,0.05
400,465,0
401,466,0.05
402,467,0
403,468,0
404,469,0
405,470,0.05
405,471,0.1
406,472,0
407,473,0
408,474,0
409,475,0
410,476,0.15
410,477,0
411,478,0
412,479,0.05
413,480,0.1
414,481,0.05
415,482,0
416,483,0
417,484,0
417,485,0
418,486,0
419,487,0
420,488,0
421,489,0.05
422,490,0
423,491,0
424,492,0
425,493,0.05
425,494,0.1
426,495,0
427,496,0
428,497,0
429,498,0
430,499,0.15
430,500,0
431,501,0
432,502,0.05
433,503,0.1
434,504,0.05
435,505,0
436,506,0
437,507,0
437,508,0
438,509,0
439,510,0
440,511,0
441,512,0.05
442,513,0
443,514,0
444,515,0
445,516,0.05
446,517,0.1
447,518,0
448,519,0
449,520,0
450,521,0
451,522,0.15
452,523,0
453,524,0
454,525,0.05
455,526,0.1
456,527,0.05
457,528,0
458,529,0
459,530,0
460,531,0
461,532,0
462,533,0
463,534,0
464,535,0.05
465,536,0
466,537,0
467,538,0
468,539,0.05
469,540,0.1
470,541,0
471,542,0
472,543,0
473,544,0
474,545,0.15
475,546,0
476,547,0
477,548,0.05
478,549,0.1
479,550,0.05
480,551,0
481,552,0.05
482,553,0
483,554,0
484,555,0
485,556,0.05
485,557,0.1
486,558,0
487,559,0
488,560,0
489,561,0
490,562,0.15
490,563,0
491,564,0
492,565,0.05
493,566,0.1
494,567,0.05
495,568,0
496,569,0
497,570,0
497,571,0
498,572,0
499,573,0
500,574,0
501,575,0.05
502,576,0
503,577,0
504,578,0
505,579,0.05
505,580,0.1
506,581,0
507,582,0
508,583,0
509,584,0
510,585,0.15
510,586,0
511,587,0
512,588,0.05
513,589,0.1
514,590,0.05
515,591,0
516,592,0
517,593,0
517,594,0
518,595,0
519,596,0
520,597,0
521,598,0.05
522,599,0
523,600,0
524,601,0
525,602,0.05
526,603,0.1
527,604,0
528,605,0
529,606,0
530,607,0
531,608,0.15
532,609,0
533,610,0
534,611,0.05
535,612,0.1
536,613,0.05
537,614,0
538,615,0
539,616,0
540,617,0
541,618,0
542,619,0
543,620,0
544,621,0.05
545,622,0
546,623,0
547,624,0
548,625,0.05
549,626,0.1
550,627,0
551,628,0
552,629,0
553,630,0
554,631,0.15
555,632,0
556,633,0
557,634,0.05
558,635,0.1
559,636,0.05
560,637,0
561,638,0.05
562,639,0
563,640,0
564,641,0
565,642,0.05
565,643,0.1
566,644,0
567,645,0
568,646,0
569,647,0
570,648,0.15
570,649,0
571,650,0
572,651,0.05
573,652,0.1
574,653,0.05
575,654,0
576,655,0
577,656,0
577,657,0
578,658,0
579,659,0
580,660,0
581,661,0.05
582,662,0
583,663,0
584,664,0
585,665,0.05
585,666,0.1
586,667,0
587,668,0
588,669,0
589,670,0
590,671,0.15
590,672,0
591,673,0
592,674,0.05
593,675,0.1
594,676,0.05
595,677,0
596,678,0
597,679,0
597,680,0
598,681,0
599,682,0
600,683,0
601,684,0.05
602,685,0
603,686,0
604,687,0
605,688,0.05
606,689,0.1
607,690,0
608,691,0
609,692,0
610,693,0
611,694,0.15
612,695,0
613,696,0
614,697,0.05
615,698,0.1
616,699,0.05
617,700,0
618,701,0
619,702,0
620,703,0
621,704,0
622,705,0
623,706,0
624,707,0.05
625,708,0
626,709,0
627,710,0
628,711,0.05
629,712,0.1
630,713,0
631,714,0
632,715,0
633,716,0
634,717,0.15
635,718,0
636,719,0
637,720,0.05
638,721,0.1
639,722,0.05
640,723,0
641,724,0.05
642,725,0
643,726,0
644,727,0
645,728,0.05
645,729,0.1
646,730,0
647,731,0
648,732,0
649,733,0
650,734,0.15
650,735,0
651,736,0
652,737,0.05
653,738,0.1
654,739,0.05
655,740,0
656,741,0
657,742,0
657,743,0
658,744,0
659,745,0
660,746,0
661,747,0.05
662,748,0
663,749,0
664,750,0
665,751,0.05
665,752,0.1
666,753,0
667,754,0
668,755,0
669,756,0
670,757,0.15
670,758,0
671,759,0
672,760,0.05
673,761,0.1
674,762,0.05
675,763,0
676,764,0
677,765,0
677,766,0
678,767,0
679,768,0
680,769,0
681,770,0.05
682,771,0
683,772,0
684,773,0
685,774,0.05
686,775,0.1
687,776,0
688,777,0
689,778,0
690,779,0
691,780,0.15
692,781,0
693,782,0
694,783,0.05
695,784,0.1
696,785,0.05
697,895,0
698,896,0
699,897,0
700,898,0
701,899,0
702,900,0
703,901,0
704,902,0.05
705,903,0
706,904,0
707,905,0
708,906,0.05
709,907,0.1
710,908,0
711,909,0
712,910,0
713,911,0
714,912,0.15
715,913,0
716,914,0
717,915,0.05
718,916,0.1
719,917,0.05
720,918,0
721,919,0.05
722,920,0
723,921,0
724,922,0
725,923,0.05
725,924,0.1
726,925,0
727,926,0
728,927,0
729,928,0
730,929,0.15
730,930,0
731,931,0
732,932,0.05
733,933,0.1
734,934,0.05
735,935,0
736,936,0
737,937,0
737,938,0
738,939,0
739,940,0
740,941,0
741,942,0.05
742,943,0
743,944,0
744,945,0
745,946,0.05
745,947,0.1
746,948,0
747,949,0
748,950,0
749,951,0
750,952,0.15
750,953,0
751,954,0
752,955,0.05
753,956,0.1
754,957,0.05
755,958,0
756,959,0
757,960,0
757,961,0
758,962,0
759,963,0
760,964,0
761,965,0.05
762,966,0
763,967,0
764,968,0
765,969,0.05
766,970,0.1
767,971,0
768,972,0
769,973,0
770,974,0
771,975,0.15
772,976,0
773,977,0
774,978,0.05
775,979,0.1
776,980,0.05
777,981,0
778,982,0
779,983,0
780,984,0
781,985,0
782,986,0
783,987,0
784,988,0.05
785,989,0
786,990,0
787,991,0
788,992,0.05
789,993,0.1
790,994,0
791,995,0
792,996,0
793,997,0
794,998,0.15
795,999,0
796,1000,0
797,1001,0.05
798,1002,0.1
799,1003,0.05
800,1004,0
801,1005,0.05
802,1006,0
803,1007,0
804,1008,0
805,1009,0.05
805,1010,0.1
806,1011,0
807,1012,0
808,1013,0
809,1014,0
810,1015,0.15
810,1016,0
811,1017,0
812,1018,0.05
813,1019,0.1
814,1020,0.05
815,1021,0
816,1022,0
817,1023,0
817,1024,0
818,1025,0
819,1026,0
820,1027,0
821,1028,0.05
822,1029,0
823,1030,0
824,1031,0
825,1032,0.05
825,1033,0.1
826,1034,0
827,1035,0
828,1036,0
829,1037,0
830,1038,0.15
830,1039,0
831,1040,0
832,1041,0.05
833,1042,0.1
834,1043,0.05
835,1044,0
836,1045,0
837,1046,0
837,1047,0
838,1048,0
839,1049,0
840,1050,0
841,1051,0.05
842,1052,0
843,1053,0
844,1054,0
845,1055,0.05
846,1056,0.1
847,1057,0
848,1058,0
849,1059,0
850,1060,0
851,1061,0.15
852,1062,0
853,1063,0
854,1064,0.05
855,1065,0.1
856,1066,0.05
857,1067,0
858,1068,0
859,1069,0
860,1070,0
861,1071,0
862,1072,0
863,1073,0
864,1074,0.05
865,1075,0
866,1076,0
867,1077,0
868,1078,0.05
869,1079,0.1
870,1080,0
871,1081,0
872,1082,0
873,1083,0
874,1084,0.15
875,1085,0
876,1086,0
877,1087,0.05
878,1088,0.1
879,1089,0.05
880,1090,0
881,1091,0.05
882,1092,0
883,1093,0
884,1094,0
885,1095,0.05
885,1096,0.1
886,1097,0
887,1098,0
888,1099,0
889,1100,0
890,1101,0.15
890,1102,0
891,1103,0
892,1104,0.05
893,1105,0.1
894,1106,0.05
895,1107,0
896,1108,0
897,1109,0
897,1110,0
898,1111,0
899,1112,0
900,1113,0
901,1114,0.05
902,1115,0
903,1116,0
904,1117,0
905,1118,0.05
905,1119,0.1
906,1120,0
907,1121,0
908,1122,0
909,1123,0
910,1124,0.15
910,1125,0
911,1126,0
912,1127,0.05
913,1128,0.1
914,1129,0.05
915,1130,0
916,1131,0
917,1132,0
917,1133,0
918,1134,0
919,1135,0
920,1136,0
921,1137,0.05
922,1138,0
923,1139,0
924,1140,0
925,1141,0.05
926,1142,0.1
927,1143,0
928,1144,0
929,1145,0
930,1146,0
931,1147,0.15
932,1148,0
933,1149,0
934,1150,0.05
935,1151,0.1
936,1152,0.05
937,1153,0
938,1154,0
939,1155,0
940,1156,0
941,1157,0
942,1158,0
943,1159,0
944,1160,0.05
945,1161,0
946,1162,0
947,1163,0
948,1164,0.05
949,1165,0.1
950,1166,0
951,1167,0
952,1168,0
953,1169,0
954,1170,0.15
955,1171,0
956,1172,0
957,1173,0.05
958,1174,0.1
959,1175,0.05
960,1176,0
961,1177,0.05
962,1178,0
963,1179,0
964,1180,0
965,1181,0.05
965,1182,0.1
966,1183,0
967,1184,0
968,1185,0
969,1186,0
970,1187,0.15
970,1188,0
971,1189,0
972,1190,0.05
973,1191,0.1
974,1192,0.05
975,1193,0
976,1194,0
977,1195,0
977,1196,0
978,1197,0
979,1198,0
980,1199,0
981,1200,0.05
982,1201,0
983,1202,0
984,1203,0
985,1204,0.05
985,1205,0.1
986,1206,0
987,1207,0
988,1208,0
989,1209,0
990,1210,0.15
990,1211,0
991,1212,0
992,1213,0.05
993,1214,0.1
994,1215,0.05
995,1216,0
996,1217,0
997,1218,0
997,1219,0
998,1220,0
999,1221,0
1000,1222,0
1001,1223,0.05
1002,1224,0
1003,1225,0
1004,1226,0
1005,1227,0.05
1006,1228,0.1
1007,1229,0
1008,1230,0
1009,1231,0
1010,1232,0
1011,1233,0.15
1012,1234,0
1013,1235,0
1014,1236,0.05
1015,1237,0.1
1016,1238,0.05
1017,1239,0
1018,1240,0
1019,1241,0
1020,1242,0
1021,1243,0
1022,1244,0
1023,1245,0
1024,1246,0.05
1025,1247,0
1026,1248,0
1027,1249,0
1028,1250,0.05
1029,1251,0.1
1030,1252,0
1031,1253,0
1032,1258,0
1033,1259,0
1034,1260,0.15
1035,1261,0
1036,1309,0
1037,1310,0.05
1038,1311,0.1
1039,1312,0.05
1040,1313,0
1041,1314,0.05
1042,1315,0
1043,1316,0
1044,1317,0
1045,1318,0.05
1045,1319,0.1
1046,1320,0
1047,1321,0
1048,1322,0
1049,1323,0
1050,1324,0.15
1050,1325,0
1051,1326,0
1052,1327,0.05
1053,1328,0.1
1054,1329,0.05
1055,1330,0
1056,1331,0
1057,1332,0
1057,1333,0
1058,1334,0
1059,1335,0
1060,1336,0
1061,1337,0.05
1062,1338,0
1063,1339,0
1064,1340,0
1065,1341,0.05
1065,1342,0.1
1066,1343,0
1067,1344,0
1068,1345,0
1069,1346,0
1070,1347,0.15
1070,1348,0
1071,1349,0
1072,1350,0.05
1073,1351,0.1
1074,1352,0.05
1075,1353,0
1076,1354,0
1077,1355,0
1077,1356,0
1078,1357,0
1079,1358,0
1080,1359,0
1081,1360,0.05
1082,1361,0
1083,1362,0
1084,1363,0
1085,1364,0.05
1086,1365,0.1
1087,1366,0
1088,1367,0
1089,1368,0
1090,1369,0
1091,1370,0.15
1092,1371,0
1093,1372,0
1094,1373,0.05
1095,1374,0.1
1096,1375,0.05
1097,1376,0
1098,1377,0
1099,1378,0
1100,1379,0
1101,1380,0
1102,1381,0
1103,1382,0
1104,1383,0.05
1105,1384,0
1106,1385,0
1107,1386,0
1108,1387,0.05
1109,1388,0.1
1110,1389,0
1111,1390,0
1112,1391,0
1113,1392,0
1114,1393,0.15
1115,1394,0
1116,1395,0
1117,1396,0.05
1118,1397,0.1
1119,1398,0.05
1120,1399,0
1121,1400,0.05
1122,1401,0
1123,1402,0
1124,1403,0
1125,1404,0.05
1125,1405,0.1
1126,1406,0
1127,1407,0
1128,1408,0
1129,1409,0
1130,1410,0.15
1130,1411,0
1131,1412,0
1132,1413,0.05
1133,1414,0.1
1134,1415,0.05
1135,1416,0
1136,1417,0
1137,1418,0
1137,1419,0
1138,1420,0
1139,1421,0
1140,1422,0
1141,1423,0.05
1142,1424,0
1143,1425,0
1144,1426,0
1145,1427,0.05
1145,1428,0.1
1146,1429,0
1147,1430,0
1148,1431,0
1149,1432,0
1150,1433,0.15
1150,1434,0
1151,1435,0
1152,1436,0.05
1153,1437,0.1
1154,1438,0.05
1155,1439,0
1156,1440,0
1157,1441,0
1157,1442,0
1158,1443,0
1159,1444,0
1160,1445,0
1161,1446,0.05
1162,1447,0
1163,1448,0
1164,1449,0
1165,1450,0.05
1166,1451,0.1
1167,1452,0
1168,1453,0
1169,1454,0
1170,1455,0
1171,1456,0.15
1172,1457,0
1173,1458,0
1174,1459,0.05
1175,1460,0.1
1176,1461,0.05
1177,1462,0
1178,1463,0
1179,1464,0
1180,1465,0
1181,1466,0
1182,1467,0
1183,1468,0
1184,1469,0.05
1185,1470,0
1186,1471,0
1187,1472,0
1188,1473,0.05
1189,1474,0.1
1190,1475,0
1191,1476,0
1192,1477,0
1193,1478,0
1194,1479,0.15
1195,1480,0
1196,1481,0
1197,1482,0.05
1198,1483,0.1
1199,1484,0.05
1200,1485,0
1201,1486,0.05
1202,1487,0
1203,1488,0
1204,1489,0
1205,1490,0.05
1205,1491,0.1
1206,1492,0
1207,1493,0
1208,1494,0
1209,1495,0
1210,1496,0.15
1210,1497,0
1211,1498,0
1212,1499,0.05
1213,1500,0.1
1214,1501,0.05
1215,1502,0
1216,1503,0
1217,1504,0
1217,1505,0
1218,1506,0
1219,1507,0
1220,1508,0
1221,1509,0.05
1222,1510,0
1223,1511,0
1224,1512,0
1225,1513,0.05
1225,1514,0.1
1226,1515,0
1227,1516,0
1228,1517,0
1229,1518,0
1230,1519,0.15
1230,1520,0
1231,1521,0
1232,1522,0.05
1233,1523,0.1
1234,1524,0.05
1235,1525,0
1236,1526,0
1237,1527,0
1237,1528,0
1238,1529,0
1239,1530,0
1240,1531,0
1241,1532,0.05
1242,1533,0
1243,1534,0
1244,1535,0
1245,1536,0.05
1246,1537,0.1
1247,1538,0
1248,1539,0
1249,1540,0
1250,1541,0
1251,1542,0.15
1252,1543,0
1253,1544,0
1254,1545,0.05
1255,1546,0.1
1256,1547,0.05
1257,1548,0
1258,1549,0
1259,1550,0
1260,1551,0
1261,1599,0
1262,1600,0
1263,1601,0
1264,1602,0.05
1265,1603,0
1266,1604,0
1267,1605,0
1268,1606,0.05
1269,1607,0.1
1270,1608,0
1271,1609,0
1272,1610,0
1273,1611,0
1274,1612,0.15
1275,1613,0
1276,1614,0
1277,1632,0.05
1278,1633,0.1
1279,1634,0.05
1280,1635,0
1281,1636,0.05
1282,1637,0
1283,1638,0
1284,1639,0
1285,1640,0.05
1285,1641,0.1
1286,1642,0
1287,1643,0
1288,1644,0
1289,1645,0
1290,1646,0.15
1290,1647,0
1291,1648,0
1292,1649,0.05
1293,1650,0.1
1294,1651,0.05
1295,1652,0
1296,1653,0
1297,1654,0
1297,1655,0
1298,1656,0
1299,1657,0
1300,1658,0
1301,1659,0.05
1302,1660,0
1303,1661,0
1304,1662,0
1305,1663,0.05
1305,1664,0.1
1306,1665,0
1307,1666,0
1308,1667,0
1309,1682,0
1310,1683,0.15
1310,1684,0
1311,1685,0
1312,1686,0.05
1313,1687,0.1
1314,1688,0.05
1315,1689,0
1316,1690,0
1317,1691,0
1317,1692,0
1318,1693,0
1319,1694,0
1320,1695,0
1321,1696,0.05
1322,1697,0
1323,1698,0
1324,1699,0
1325,1700,0.05
1326,1701,0.1
1327,1702,0
1328,1703,0
1329,1704,0
1330,1705,0
1331,1706,0.15
1332,1707,0
1333,1708,0
1334,1709,0.05
1335,1710,0.1
1336,1711,0.05
1337,1712,0
1338,1713,0
1339,1714,0
1340,1715,0
1341,1716,0
1342,1717,0
1343,1718,0
1344,1719,0.05
1345,1732,0
1346,1734,0
1347,1735,0
1348,1736,0.05
1349,1737,0.1
1350,1738,0
1351,1739,0
1352,1740,0
1353,1741,0
1354,1742,0.15
1355,1743,0
1356,1744,0
1357,1745,0.05
1358,1766,0.1
1359,1767,0.05
1360,1768,0
1361,1769,0.05
1362,1770,0
1363,1771,0
1364,1772,0
1365,1773,0.05
1365,1774,0.1
1366,1775,0
1367,1776,0
1368,1777,0
1369,1778,0
1370,1779,0.15
1370,1830,0
1371,1831,0
1372,1832,0.05
1373,1833,0.1
1374,1834,0.05
1375,1835,0
1376,1836,0
1377,1837,0
1377,1838,0
1378,1839,0
1379,1840,0
1380,1841,0
1381,1842,0.05
1382,1843,0
1383,1844,0
1384,1845,0
1385,1846,0.05
1385,1847,0.1
1386,1848,0
1387,1849,0
1388,1850,0
1389,1851,0
1390,1852,0.15
1390,1853,0
1391,1854,0
1392,1855,0.05
1393,1856,0.1
1394,1857,0.05
1395,1858,0
1396,1859,0
1397,1860,0
1397,1861,0
1398,1862,0
1399,1863,0
1400,1864,0
1401,1865,0.05
1402,1866,0
1403,1867,0
1404,1868,0
1405,1869,0.05
1406,1870,0.1
1407,1871,0
1408,1872,0
1409,1873,0
1410,1874,0
1411,1875,0.15
1412,1876,0
1413,1877,0
1414,1878,0.05
1415,1879,0.1
1416,1880,0.05
1417,1881,0
1418,1882,0
1419,1883,0
1420,1884,0
1421,1885,0
1422,1886,0
1423,1887,0
1424,1888,0.05
1425,1889,0
1426,1890,0
1427,1891,0
1428,1892,0.05
1429,1893,0.1
1430,1894,0
1431,1895,0
1432,1896,0
1433,1897,0
1434,1898,0.15
1435,1899,0
1436,1900,0
1437,1901,0.05
1438,1902,0.1
1439,1903,0.05
1440,1904,0
1441,1905,0.05
1442,1906,0
1443,1907,0
1444,1908,0
1445,1909,0.05
1445,1910,0.1
1446,1911,0
1447,1912,0
1448,1913,0
1449,1914,0
1450,1915,0.15
1450,1916,0
1451,1917,0
1452,1918,0.05
1453,1919,0.1
1454,1920,0.05
1455,1921,0
1456,1922,0
1457,1923,0
1457,1924,0
1458,1925,0
1459,1926,0
1460,1927,0
1461,1928,0.05
1462,1929,0
1463,1930,0
1464,1931,0
1465,1932,0.05
1465,1933,0.1
1466,1934,0
1467,1935,0
1468,1936,0
1469,1937,0
1470,1938,0.15
1470,1939,0
1471,1940,0
1472,1941,0.05
1473,1942,0.1
1474,1943,0.05
1475,1944,0
1476,1945,0
1477,1946,0
1477,1947,0
1478,1948,0
1479,1949,0
1480,1950,0
1481,1951,0.05
1482,1952,0
1483,1953,0
1484,1954,0
1485,1955,0.05
1486,1956,0.1
1487,1957,0
1488,1958,0
1489,1959,0
1490,2000,0
1491,2020,0.15
1492,2030,0
1493,2040,0
1494,2050,0.05
1495,2043,0.1
1496,2056,0.05
1497,2060,0
1498,2061,0
1499,2062,0
1500,2080,0
